-- 0013_seed — generated by scripts/gen-seed.js from data/mock/*.json. Re-runnable.

-- governorates (27)
insert into public.governorates ("id", "code", "name", "is_active", "display_order") values ('gov_c', 'C', '{"ar":"القاهرة","en":"Cairo"}'::jsonb, true, 1) on conflict (id) do nothing;
insert into public.governorates ("id", "code", "name", "is_active", "display_order") values ('gov_gz', 'GZ', '{"ar":"الجيزة","en":"Giza"}'::jsonb, true, 2) on conflict (id) do nothing;
insert into public.governorates ("id", "code", "name", "is_active", "display_order") values ('gov_alx', 'ALX', '{"ar":"الإسكندرية","en":"Alexandria"}'::jsonb, true, 3) on conflict (id) do nothing;
insert into public.governorates ("id", "code", "name", "is_active", "display_order") values ('gov_qly', 'QLY', '{"ar":"القليوبية","en":"Qalyubia"}'::jsonb, true, 4) on conflict (id) do nothing;
insert into public.governorates ("id", "code", "name", "is_active", "display_order") values ('gov_dk', 'DK', '{"ar":"الدقهلية","en":"Dakahlia"}'::jsonb, true, 5) on conflict (id) do nothing;
insert into public.governorates ("id", "code", "name", "is_active", "display_order") values ('gov_shr', 'SHR', '{"ar":"الشرقية","en":"Sharqia"}'::jsonb, true, 6) on conflict (id) do nothing;
insert into public.governorates ("id", "code", "name", "is_active", "display_order") values ('gov_mnf', 'MNF', '{"ar":"المنوفية","en":"Menoufia"}'::jsonb, true, 7) on conflict (id) do nothing;
insert into public.governorates ("id", "code", "name", "is_active", "display_order") values ('gov_ghr', 'GHR', '{"ar":"الغربية","en":"Gharbia"}'::jsonb, true, 8) on conflict (id) do nothing;
insert into public.governorates ("id", "code", "name", "is_active", "display_order") values ('gov_kfs', 'KFS', '{"ar":"كفر الشيخ","en":"Kafr El Sheikh"}'::jsonb, true, 9) on conflict (id) do nothing;
insert into public.governorates ("id", "code", "name", "is_active", "display_order") values ('gov_bh', 'BH', '{"ar":"البحيرة","en":"Beheira"}'::jsonb, true, 10) on conflict (id) do nothing;
insert into public.governorates ("id", "code", "name", "is_active", "display_order") values ('gov_dmt', 'DMT', '{"ar":"دمياط","en":"Damietta"}'::jsonb, true, 11) on conflict (id) do nothing;
insert into public.governorates ("id", "code", "name", "is_active", "display_order") values ('gov_psd', 'PSD', '{"ar":"بورسعيد","en":"Port Said"}'::jsonb, true, 12) on conflict (id) do nothing;
insert into public.governorates ("id", "code", "name", "is_active", "display_order") values ('gov_ism', 'ISM', '{"ar":"الإسماعيلية","en":"Ismailia"}'::jsonb, true, 13) on conflict (id) do nothing;
insert into public.governorates ("id", "code", "name", "is_active", "display_order") values ('gov_sz', 'SZ', '{"ar":"السويس","en":"Suez"}'::jsonb, true, 14) on conflict (id) do nothing;
insert into public.governorates ("id", "code", "name", "is_active", "display_order") values ('gov_nsi', 'NSI', '{"ar":"شمال سيناء","en":"North Sinai"}'::jsonb, false, 15) on conflict (id) do nothing;
insert into public.governorates ("id", "code", "name", "is_active", "display_order") values ('gov_ssi', 'SSI', '{"ar":"جنوب سيناء","en":"South Sinai"}'::jsonb, true, 16) on conflict (id) do nothing;
insert into public.governorates ("id", "code", "name", "is_active", "display_order") values ('gov_mtr', 'MTR', '{"ar":"مطروح","en":"Matrouh"}'::jsonb, true, 17) on conflict (id) do nothing;
insert into public.governorates ("id", "code", "name", "is_active", "display_order") values ('gov_bns', 'BNS', '{"ar":"بني سويف","en":"Beni Suef"}'::jsonb, true, 18) on conflict (id) do nothing;
insert into public.governorates ("id", "code", "name", "is_active", "display_order") values ('gov_fym', 'FYM', '{"ar":"الفيوم","en":"Faiyum"}'::jsonb, true, 19) on conflict (id) do nothing;
insert into public.governorates ("id", "code", "name", "is_active", "display_order") values ('gov_mny', 'MNY', '{"ar":"المنيا","en":"Minya"}'::jsonb, true, 20) on conflict (id) do nothing;
insert into public.governorates ("id", "code", "name", "is_active", "display_order") values ('gov_asy', 'ASY', '{"ar":"أسيوط","en":"Asyut"}'::jsonb, true, 21) on conflict (id) do nothing;
insert into public.governorates ("id", "code", "name", "is_active", "display_order") values ('gov_nvl', 'NVL', '{"ar":"الوادي الجديد","en":"New Valley"}'::jsonb, false, 22) on conflict (id) do nothing;
insert into public.governorates ("id", "code", "name", "is_active", "display_order") values ('gov_rds', 'RDS', '{"ar":"البحر الأحمر","en":"Red Sea"}'::jsonb, true, 23) on conflict (id) do nothing;
insert into public.governorates ("id", "code", "name", "is_active", "display_order") values ('gov_shg', 'SHG', '{"ar":"سوهاج","en":"Sohag"}'::jsonb, true, 24) on conflict (id) do nothing;
insert into public.governorates ("id", "code", "name", "is_active", "display_order") values ('gov_qn', 'QN', '{"ar":"قنا","en":"Qena"}'::jsonb, true, 25) on conflict (id) do nothing;
insert into public.governorates ("id", "code", "name", "is_active", "display_order") values ('gov_lxr', 'LXR', '{"ar":"الأقصر","en":"Luxor"}'::jsonb, true, 26) on conflict (id) do nothing;
insert into public.governorates ("id", "code", "name", "is_active", "display_order") values ('gov_asw', 'ASW', '{"ar":"أسوان","en":"Aswan"}'::jsonb, true, 27) on conflict (id) do nothing;

-- cities (12)
insert into public.cities ("id", "code", "name", "governorate_id", "is_active", "display_order") values ('city_cairo', 'CAI', '{"ar":"القاهرة","en":"Cairo"}'::jsonb, 'gov_c', true, 1) on conflict (id) do nothing;
insert into public.cities ("id", "code", "name", "governorate_id", "is_active", "display_order") values ('city_new_cairo', 'NCA', '{"ar":"القاهرة الجديدة","en":"New Cairo"}'::jsonb, 'gov_c', true, 2) on conflict (id) do nothing;
insert into public.cities ("id", "code", "name", "governorate_id", "is_active", "display_order") values ('city_heliopolis', 'HEL', '{"ar":"مصر الجديدة","en":"Heliopolis"}'::jsonb, 'gov_c', true, 3) on conflict (id) do nothing;
insert into public.cities ("id", "code", "name", "governorate_id", "is_active", "display_order") values ('city_maadi', 'MAA', '{"ar":"المعادي","en":"Maadi"}'::jsonb, 'gov_c', true, 4) on conflict (id) do nothing;
insert into public.cities ("id", "code", "name", "governorate_id", "is_active", "display_order") values ('city_nasr', 'NSR', '{"ar":"مدينة نصر","en":"Nasr City"}'::jsonb, 'gov_c', true, 5) on conflict (id) do nothing;
insert into public.cities ("id", "code", "name", "governorate_id", "is_active", "display_order") values ('city_giza_city', 'GZA', '{"ar":"الجيزة","en":"Giza"}'::jsonb, 'gov_gz', true, 1) on conflict (id) do nothing;
insert into public.cities ("id", "code", "name", "governorate_id", "is_active", "display_order") values ('city_october', 'OCT', '{"ar":"6 أكتوبر","en":"6 October"}'::jsonb, 'gov_gz', true, 2) on conflict (id) do nothing;
insert into public.cities ("id", "code", "name", "governorate_id", "is_active", "display_order") values ('city_sheikh_zayed', 'SHZ', '{"ar":"الشيخ زايد","en":"Sheikh Zayed"}'::jsonb, 'gov_gz', true, 3) on conflict (id) do nothing;
insert into public.cities ("id", "code", "name", "governorate_id", "is_active", "display_order") values ('city_dokki', 'DKI', '{"ar":"الدقي","en":"Dokki"}'::jsonb, 'gov_gz', true, 4) on conflict (id) do nothing;
insert into public.cities ("id", "code", "name", "governorate_id", "is_active", "display_order") values ('city_alex_city', 'ALX', '{"ar":"الإسكندرية","en":"Alexandria"}'::jsonb, 'gov_alx', true, 1) on conflict (id) do nothing;
insert into public.cities ("id", "code", "name", "governorate_id", "is_active", "display_order") values ('city_smouha', 'SMO', '{"ar":"سموحة","en":"Smouha"}'::jsonb, 'gov_alx', true, 2) on conflict (id) do nothing;
insert into public.cities ("id", "code", "name", "governorate_id", "is_active", "display_order") values ('city_montaza', 'MTZ', '{"ar":"المنتزه","en":"Montaza"}'::jsonb, 'gov_alx', true, 3) on conflict (id) do nothing;

-- districts (17)
insert into public.districts ("id", "code", "name", "city_id", "is_active") values ('dist_zamalek', 'ZMK', '{"ar":"الزمالك","en":"Zamalek"}'::jsonb, 'city_cairo', true) on conflict (id) do nothing;
insert into public.districts ("id", "code", "name", "city_id", "is_active") values ('dist_downtown', 'DTC', '{"ar":"وسط البلد","en":"Downtown"}'::jsonb, 'city_cairo', true) on conflict (id) do nothing;
insert into public.districts ("id", "code", "name", "city_id", "is_active") values ('dist_garden_city', 'GDC', '{"ar":"جاردن سيتي","en":"Garden City"}'::jsonb, 'city_cairo', true) on conflict (id) do nothing;
insert into public.districts ("id", "code", "name", "city_id", "is_active") values ('dist_tagamoa_1', 'TG1', '{"ar":"التجمع الأول","en":"First Settlement"}'::jsonb, 'city_new_cairo', true) on conflict (id) do nothing;
insert into public.districts ("id", "code", "name", "city_id", "is_active") values ('dist_tagamoa_5', 'TG5', '{"ar":"التجمع الخامس","en":"Fifth Settlement"}'::jsonb, 'city_new_cairo', true) on conflict (id) do nothing;
insert into public.districts ("id", "code", "name", "city_id", "is_active") values ('dist_rehab', 'REH', '{"ar":"الرحاب","en":"Rehab City"}'::jsonb, 'city_new_cairo', true) on conflict (id) do nothing;
insert into public.districts ("id", "code", "name", "city_id", "is_active") values ('dist_maadi_old', 'MAO', '{"ar":"المعادي القديمة","en":"Old Maadi"}'::jsonb, 'city_maadi', true) on conflict (id) do nothing;
insert into public.districts ("id", "code", "name", "city_id", "is_active") values ('dist_maadi_new', 'MAN', '{"ar":"المعادي الجديدة","en":"New Maadi"}'::jsonb, 'city_maadi', true) on conflict (id) do nothing;
insert into public.districts ("id", "code", "name", "city_id", "is_active") values ('dist_nasr_1', 'NS1', '{"ar":"الحي الأول","en":"First District"}'::jsonb, 'city_nasr', true) on conflict (id) do nothing;
insert into public.districts ("id", "code", "name", "city_id", "is_active") values ('dist_nasr_7', 'NS7', '{"ar":"الحي السابع","en":"Seventh District"}'::jsonb, 'city_nasr', true) on conflict (id) do nothing;
insert into public.districts ("id", "code", "name", "city_id", "is_active") values ('dist_nasr_10', 'N10', '{"ar":"الحي العاشر","en":"Tenth District"}'::jsonb, 'city_nasr', true) on conflict (id) do nothing;
insert into public.districts ("id", "code", "name", "city_id", "is_active") values ('dist_october_7', 'OC7', '{"ar":"الحي السابع أكتوبر","en":"7th District (October)"}'::jsonb, 'city_october', true) on conflict (id) do nothing;
insert into public.districts ("id", "code", "name", "city_id", "is_active") values ('dist_october_12', 'O12', '{"ar":"الحي 12 أكتوبر","en":"12th District (October)"}'::jsonb, 'city_october', true) on conflict (id) do nothing;
insert into public.districts ("id", "code", "name", "city_id", "is_active") values ('dist_dreamland', 'DRM', '{"ar":"دريم لاند","en":"Dreamland"}'::jsonb, 'city_october', true) on conflict (id) do nothing;
insert into public.districts ("id", "code", "name", "city_id", "is_active") values ('dist_sz_1', 'SZ1', '{"ar":"الحي الأول الشيخ زايد","en":"Zayed 1st District"}'::jsonb, 'city_sheikh_zayed', true) on conflict (id) do nothing;
insert into public.districts ("id", "code", "name", "city_id", "is_active") values ('dist_smouha_1', 'SM1', '{"ar":"فيكتور عمانوئيل","en":"Victor Emanuel"}'::jsonb, 'city_smouha', true) on conflict (id) do nothing;
insert into public.districts ("id", "code", "name", "city_id", "is_active") values ('dist_montaza_1', 'MT1', '{"ar":"المنتزه أول","en":"Montaza 1"}'::jsonb, 'city_montaza', true) on conflict (id) do nothing;

-- zones (5)
insert into public.zones ("id", "code", "name", "governorate_ids", "branch_ids", "color", "is_active", "created_at", "updated_at") values ('zone_cairo_east', 'CAE', '{"ar":"القاهرة الشرقية","en":"Cairo East"}'::jsonb, array['gov_c','gov_qly']::text[], array['br_cairo_hq','br_tagamoa']::text[], '#3b82f6', true, '2025-11-01T08:00:00Z', '2026-04-15T08:00:00Z') on conflict (id) do nothing;
insert into public.zones ("id", "code", "name", "governorate_ids", "branch_ids", "color", "is_active", "created_at", "updated_at") values ('zone_cairo_west', 'CAW', '{"ar":"القاهرة الغربية","en":"Cairo West"}'::jsonb, array['gov_gz','gov_fym']::text[], array['br_october']::text[], '#22c55e', true, '2025-11-01T08:00:00Z', '2026-04-15T08:00:00Z') on conflict (id) do nothing;
insert into public.zones ("id", "code", "name", "governorate_ids", "branch_ids", "color", "is_active", "created_at", "updated_at") values ('zone_delta', 'DLT', '{"ar":"الدلتا","en":"Delta"}'::jsonb, array['gov_dk','gov_ghr','gov_mnf','gov_kfs','gov_dmt']::text[], array['br_cairo_hq']::text[], '#f59e0b', true, '2025-12-01T08:00:00Z', '2026-04-20T08:00:00Z') on conflict (id) do nothing;
insert into public.zones ("id", "code", "name", "governorate_ids", "branch_ids", "color", "is_active", "created_at", "updated_at") values ('zone_alex_coast', 'ALC', '{"ar":"الإسكندرية والساحل","en":"Alex & North Coast"}'::jsonb, array['gov_alx','gov_bh','gov_mtr']::text[], array['br_alex']::text[], '#06b6d4', true, '2026-02-01T08:00:00Z', '2026-04-22T08:00:00Z') on conflict (id) do nothing;
insert into public.zones ("id", "code", "name", "governorate_ids", "branch_ids", "color", "is_active", "created_at", "updated_at") values ('zone_canal', 'CNL', '{"ar":"القنال","en":"Canal"}'::jsonb, array['gov_psd','gov_ism','gov_sz']::text[], '{}'::text[], '#8b5cf6', false, '2026-03-01T08:00:00Z', '2026-04-25T08:00:00Z') on conflict (id) do nothing;

-- branches (4)
insert into public.branches ("id", "code", "name", "governorate_id", "city", "address", "phone", "coverage_governorate_ids", "is_active", "is_headquarters", "location", "created_at", "updated_at") values ('br_cairo_hq', 'HQ', '{"ar":"القاهرة الرئيسي","en":"Cairo HQ"}'::jsonb, 'gov_c', 'القاهرة', 'شارع رمسيس، وسط البلد، القاهرة', '01012345600', array['gov_c','gov_gz','gov_qly']::text[], true, true, '{"lat":30.0563,"lng":31.2394}'::jsonb, '2025-11-01T08:00:00Z', '2026-04-01T08:00:00Z') on conflict (id) do nothing;
insert into public.branches ("id", "code", "name", "governorate_id", "city", "address", "phone", "coverage_governorate_ids", "is_active", "is_headquarters", "location", "created_at", "updated_at") values ('br_tagamoa', 'TAG', '{"ar":"فرع التجمع","en":"Tagamoa Branch"}'::jsonb, 'gov_c', 'القاهرة الجديدة', 'التجمع الخامس، الحي الأول، القاهرة الجديدة', '01112345600', array['gov_c','gov_shr']::text[], true, false, '{"lat":30.0131,"lng":31.4938}'::jsonb, '2025-11-15T08:00:00Z', '2026-04-10T08:00:00Z') on conflict (id) do nothing;
insert into public.branches ("id", "code", "name", "governorate_id", "city", "address", "phone", "coverage_governorate_ids", "is_active", "is_headquarters", "location", "created_at", "updated_at") values ('br_october', 'OCT', '{"ar":"فرع أكتوبر","en":"October Branch"}'::jsonb, 'gov_gz', '6 أكتوبر', 'الحي السابع، 6 أكتوبر، الجيزة', '01212345600', array['gov_gz','gov_fym','gov_bns']::text[], true, false, '{"lat":29.9668,"lng":30.9265}'::jsonb, '2026-01-05T08:00:00Z', '2026-04-15T08:00:00Z') on conflict (id) do nothing;
insert into public.branches ("id", "code", "name", "governorate_id", "city", "address", "phone", "coverage_governorate_ids", "is_active", "is_headquarters", "location", "created_at", "updated_at") values ('br_alex', 'ALX', '{"ar":"فرع الإسكندرية","en":"Alexandria Branch"}'::jsonb, 'gov_alx', 'الإسكندرية', 'شارع فؤاد، محطة الرمل، الإسكندرية', '01512345600', array['gov_alx','gov_bh','gov_mtr']::text[], true, false, '{"lat":31.2001,"lng":29.9187}'::jsonb, '2026-02-01T08:00:00Z', '2026-04-20T08:00:00Z') on conflict (id) do nothing;

-- users (12)
insert into public.users ("id", "name", "phone", "email", "role", "branch_id", "is_active", "created_at", "updated_at") values ('u_nagui', '{"ar":"أحمد ناجي","en":"Ahmed Nagui"}'::jsonb, '+201012345001', 'nagui@twinjo.com', 'super_admin', 'br_cairo_hq', true, '2025-10-01T08:00:00Z', '2026-04-01T08:00:00Z') on conflict (id) do nothing;
insert into public.users ("id", "name", "phone", "email", "role", "branch_id", "is_active", "created_at", "updated_at") values ('u_mohamed_tag', '{"ar":"محمد عبد الرحمن","en":"Mohamed Abdelrahman"}'::jsonb, '+201112345002', 'mohamed@twinjo.com', 'manager', 'br_tagamoa', true, '2025-11-15T08:00:00Z', '2026-04-10T08:00:00Z') on conflict (id) do nothing;
insert into public.users ("id", "name", "phone", "email", "role", "branch_id", "is_active", "created_at", "updated_at") values ('u_karim_oct', '{"ar":"كريم السيد","en":"Karim El Sayed"}'::jsonb, '+201212345003', 'karim@twinjo.com', 'manager', 'br_october', true, '2026-01-05T08:00:00Z', '2026-04-15T08:00:00Z') on conflict (id) do nothing;
insert into public.users ("id", "name", "phone", "email", "role", "branch_id", "is_active", "created_at", "updated_at") values ('u_layla_alx', '{"ar":"ليلى منصور","en":"Layla Mansour"}'::jsonb, '+201512345004', 'layla@twinjo.com', 'manager', 'br_alex', true, '2026-02-01T08:00:00Z', '2026-04-20T08:00:00Z') on conflict (id) do nothing;
insert into public.users ("id", "name", "phone", "email", "role", "branch_id", "is_active", "created_at", "updated_at") values ('u_nour_finance', '{"ar":"نور إبراهيم","en":"Nour Ibrahim"}'::jsonb, '+201012345005', 'nour@twinjo.com', 'finance', 'br_cairo_hq', true, '2025-11-10T08:00:00Z', '2026-04-10T08:00:00Z') on conflict (id) do nothing;
insert into public.users ("id", "name", "phone", "email", "role", "branch_id", "is_active", "created_at", "updated_at") values ('u_youssef_wh', '{"ar":"يوسف فاروق","en":"Youssef Farouk"}'::jsonb, '+201112345006', 'youssef@twinjo.com', 'warehouse', 'br_cairo_hq', true, '2025-12-01T08:00:00Z', '2026-04-10T08:00:00Z') on conflict (id) do nothing;
insert into public.users ("id", "name", "phone", "role", "branch_id", "is_active", "driver_code", "vehicle_type", "national_id", "license_number", "created_at", "updated_at") values ('u_drv_ahmed', '{"ar":"أحمد شوقي","en":"Ahmed Shawky"}'::jsonb, '+201012347001', 'driver', 'br_cairo_hq', true, 'D01', 'tagamoa_van', '29105010101234', 'L-010-2024', '2025-12-01T08:00:00Z', '2026-04-15T08:00:00Z') on conflict (id) do nothing;
insert into public.users ("id", "name", "phone", "role", "branch_id", "is_active", "driver_code", "vehicle_type", "national_id", "license_number", "created_at", "updated_at") values ('u_drv_mostafa', '{"ar":"مصطفى جمال","en":"Mostafa Gamal"}'::jsonb, '+201112347002', 'driver', 'br_tagamoa', true, 'D02', 'october_van', '29203020202345', 'L-011-2024', '2026-01-10T08:00:00Z', '2026-04-15T08:00:00Z') on conflict (id) do nothing;
insert into public.users ("id", "name", "phone", "role", "branch_id", "is_active", "driver_code", "vehicle_type", "national_id", "license_number", "created_at", "updated_at") values ('u_drv_omar', '{"ar":"عمر الشريف","en":"Omar El Sharif"}'::jsonb, '+201212347003', 'driver', 'br_october', true, 'D03', 'motorcycle', '29304040403456', 'L-012-2024', '2026-01-15T08:00:00Z', '2026-04-15T08:00:00Z') on conflict (id) do nothing;
insert into public.users ("id", "name", "phone", "role", "branch_id", "is_active", "driver_code", "vehicle_type", "national_id", "license_number", "created_at", "updated_at") values ('u_drv_hassan', '{"ar":"حسن الشافعي","en":"Hassan El Shafey"}'::jsonb, '+201512347004', 'driver', 'br_alex', true, 'D04', 'tagamoa_van', '29405050504567', 'L-015-2024', '2026-02-01T08:00:00Z', '2026-04-15T08:00:00Z') on conflict (id) do nothing;
insert into public.users ("id", "name", "phone", "role", "branch_id", "is_active", "driver_code", "vehicle_type", "national_id", "license_number", "created_at", "updated_at") values ('u_drv_sami', '{"ar":"سامي نجيب","en":"Sami Naguib"}'::jsonb, '+201012347005', 'driver', 'br_cairo_hq', true, 'D05', 'motorcycle', '29506060605678', 'L-010-2025', '2026-02-15T08:00:00Z', '2026-04-18T08:00:00Z') on conflict (id) do nothing;
insert into public.users ("id", "name", "phone", "role", "branch_id", "is_active", "driver_code", "vehicle_type", "national_id", "license_number", "created_at", "updated_at") values ('u_drv_amr', '{"ar":"عمرو حمدي","en":"Amr Hamdy"}'::jsonb, '+201112347006', 'driver', 'br_tagamoa', true, 'D06', 'october_van', '29607070706789', 'L-011-2025', '2026-03-01T08:00:00Z', '2026-04-20T08:00:00Z') on conflict (id) do nothing;

-- link branch managers + admin branch (deferred circular FKs)
update public.branches set manager_id = 'u_nagui' where id = 'br_cairo_hq';
update public.branches set manager_id = 'u_mohamed_tag' where id = 'br_tagamoa';
update public.branches set manager_id = 'u_karim_oct' where id = 'br_october';
update public.branches set manager_id = 'u_layla_alx' where id = 'br_alex';
update public.users set branch_id = 'br_cairo_hq' where id = 'u_nagui';

-- clients (13)
insert into public.clients ("id", "name", "business_name", "phone_primary", "email", "pickup_address", "preferred_branch_id", "payment_terms", "total_orders", "total_cod_owed", "is_active", "created_at", "updated_at") values ('cl_ahmed_store', '{"ar":"أحمد ستور","en":"Ahmed Store"}'::jsonb, '{"ar":"متجر أحمد للأحذية","en":"Ahmed Shoes Store"}'::jsonb, '+201012000001', 'contact@ahmed-store.com', '{"governorate_id":"gov_c","city":"القاهرة","district":"المعادي","street":"شارع 9، المعادي","building":"12","landmark":"بجوار مترو المعادي","full_address_ar":"شارع 9، المعادي، القاهرة — بجوار مترو المعادي","full_address_en":"9th Street, Maadi, Cairo — next to Maadi metro"}'::jsonb, 'br_cairo_hq', '{"method":"bank_transfer","frequency":"weekly"}'::jsonb, 142, 4825000, true, '2025-11-20T08:00:00Z', '2026-04-20T08:00:00Z') on conflict (id) do nothing;
insert into public.clients ("id", "name", "business_name", "phone_primary", "email", "pickup_address", "preferred_branch_id", "payment_terms", "total_orders", "total_cod_owed", "is_active", "created_at", "updated_at") values ('cl_nour_fashion', '{"ar":"نور فاشون","en":"Nour Fashion"}'::jsonb, '{"ar":"نور فاشون للملابس النسائية","en":"Nour Fashion"}'::jsonb, '+201112000002', 'info@nourfashion.eg', '{"governorate_id":"gov_c","city":"القاهرة","district":"مدينة نصر","street":"شارع عباس العقاد","landmark":"أمام سيتي ستارز","full_address_ar":"شارع عباس العقاد، مدينة نصر — أمام سيتي ستارز","full_address_en":"Abbas El Akkad, Nasr City — opposite City Stars"}'::jsonb, 'br_cairo_hq', '{"method":"instapay","frequency":"bi_weekly"}'::jsonb, 89, 2135000, true, '2025-12-05T08:00:00Z', '2026-04-18T08:00:00Z') on conflict (id) do nothing;
insert into public.clients ("id", "name", "business_name", "phone_primary", "email", "pickup_address", "preferred_branch_id", "payment_terms", "total_orders", "total_cod_owed", "is_active", "created_at", "updated_at") values ('cl_tech_hub', '{"ar":"تك هاب","en":"Tech Hub"}'::jsonb, '{"ar":"تك هاب للإلكترونيات","en":"Tech Hub Electronics"}'::jsonb, '+201212000003', 'sales@techhub.eg', '{"governorate_id":"gov_c","city":"القاهرة الجديدة","district":"التجمع الخامس","street":"شارع التسعين الشمالي","building":"B-45","landmark":"داخل داون تاون مول","full_address_ar":"التسعين الشمالي، التجمع الخامس — داون تاون مول","full_address_en":"North 90th, 5th Settlement — Downtown Mall"}'::jsonb, 'br_tagamoa', '{"method":"bank_transfer","frequency":"monthly","bank_account":"••••-3421"}'::jsonb, 56, 11480000, true, '2026-01-15T08:00:00Z', '2026-04-15T08:00:00Z') on conflict (id) do nothing;
insert into public.clients ("id", "name", "phone_primary", "pickup_address", "preferred_branch_id", "payment_terms", "total_orders", "total_cod_owed", "is_active", "created_at", "updated_at") values ('cl_layla_boutique', '{"ar":"بوتيك ليلى","en":"Layla Boutique"}'::jsonb, '+201512000004', '{"governorate_id":"gov_gz","city":"الجيزة","district":"الدقي","street":"شارع التحرير","landmark":"فوق بنك مصر","full_address_ar":"شارع التحرير، الدقي، الجيزة — فوق بنك مصر","full_address_en":"Tahrir St, Dokki, Giza — above Banque Misr"}'::jsonb, 'br_cairo_hq', '{"method":"vodafone_cash","frequency":"weekly"}'::jsonb, 34, 980000, true, '2026-02-10T08:00:00Z', '2026-04-20T08:00:00Z') on conflict (id) do nothing;
insert into public.clients ("id", "name", "business_name", "phone_primary", "email", "pickup_address", "preferred_branch_id", "payment_terms", "total_orders", "total_cod_owed", "is_active", "created_at", "updated_at") values ('cl_omar_pharma', '{"ar":"صيدلية عمر","en":"Omar Pharma"}'::jsonb, '{"ar":"صيدلية عمر السلسلة","en":"Omar Pharma Chain"}'::jsonb, '+201012000005', 'orders@omarpharma.eg', '{"governorate_id":"gov_gz","city":"6 أكتوبر","district":"الحي المتميز","street":"الشارع الرئيسي","landmark":"بجوار ماكدونالدز","full_address_ar":"الحي المتميز، 6 أكتوبر — بجوار ماكدونالدز","full_address_en":"Premium District, 6 October — next to McDonald''s"}'::jsonb, 'br_october', '{"method":"bank_transfer","frequency":"immediate"}'::jsonb, 210, 3420000, true, '2025-11-01T08:00:00Z', '2026-04-22T08:00:00Z') on conflict (id) do nothing;
insert into public.clients ("id", "name", "phone_primary", "pickup_address", "preferred_branch_id", "payment_terms", "total_orders", "total_cod_owed", "is_active", "created_at", "updated_at") values ('cl_sara_electronics', '{"ar":"سارة للإلكترونيات","en":"Sara Electronics"}'::jsonb, '+201112000006', '{"governorate_id":"gov_alx","city":"الإسكندرية","district":"سموحة","street":"شارع فوزي معاذ","landmark":"قرب سيدي جابر","full_address_ar":"فوزي معاذ، سموحة، الإسكندرية — قرب سيدي جابر","full_address_en":"Fawzy Moaz, Smouha, Alexandria — near Sidi Gaber"}'::jsonb, 'br_alex', '{"method":"instapay","frequency":"weekly"}'::jsonb, 76, 5620000, true, '2026-02-20T08:00:00Z', '2026-04-22T08:00:00Z') on conflict (id) do nothing;
insert into public.clients ("id", "name", "business_name", "phone_primary", "pickup_address", "preferred_branch_id", "payment_terms", "total_orders", "total_cod_owed", "is_active", "created_at", "updated_at") values ('cl_karim_home', '{"ar":"كريم هوم","en":"Karim Home"}'::jsonb, '{"ar":"كريم هوم للأثاث","en":"Karim Home Furniture"}'::jsonb, '+201212000007', '{"governorate_id":"gov_c","city":"القاهرة","district":"مصر الجديدة","street":"شارع الهرم","landmark":"ميدان روكسي","full_address_ar":"شارع الهرم، مصر الجديدة — ميدان روكسي","full_address_en":"El Haram St, Heliopolis — Roxy Square"}'::jsonb, 'br_cairo_hq', '{"method":"bank_transfer","frequency":"monthly"}'::jsonb, 22, 890000, true, '2026-03-01T08:00:00Z', '2026-04-18T08:00:00Z') on conflict (id) do nothing;
insert into public.clients ("id", "name", "phone_primary", "pickup_address", "preferred_branch_id", "payment_terms", "total_orders", "total_cod_owed", "is_active", "created_at", "updated_at") values ('cl_mariam_cosmetics', '{"ar":"مريم كوزمتكس","en":"Mariam Cosmetics"}'::jsonb, '+201512000008', '{"governorate_id":"gov_gz","city":"الجيزة","district":"المهندسين","street":"شارع جامعة الدول العربية","landmark":"بجوار محطة مترو البحوث","full_address_ar":"جامعة الدول، المهندسين، الجيزة — مترو البحوث","full_address_en":"League of Arab States, Mohandessin — next to Bohooth metro"}'::jsonb, 'br_cairo_hq', '{"method":"vodafone_cash","frequency":"weekly"}'::jsonb, 112, 1245000, true, '2025-12-10T08:00:00Z', '2026-04-22T08:00:00Z') on conflict (id) do nothing;
insert into public.clients ("id", "name", "phone_primary", "pickup_address", "preferred_branch_id", "payment_terms", "total_orders", "total_cod_owed", "is_active", "created_at", "updated_at") values ('cl_hassan_kitchen', '{"ar":"حسن للمطابخ","en":"Hassan Kitchens"}'::jsonb, '+201012000009', '{"governorate_id":"gov_qly","city":"القليوبية","district":"بنها","street":"شارع المحافظة","landmark":"أمام المحكمة","full_address_ar":"شارع المحافظة، بنها — أمام المحكمة","full_address_en":"Governorate St, Banha — in front of the courthouse"}'::jsonb, 'br_cairo_hq', '{"method":"cash","frequency":"immediate"}'::jsonb, 18, 0, true, '2026-03-20T08:00:00Z', '2026-04-10T08:00:00Z') on conflict (id) do nothing;
insert into public.clients ("id", "name", "phone_primary", "pickup_address", "preferred_branch_id", "payment_terms", "total_orders", "total_cod_owed", "is_active", "created_at", "updated_at") values ('cl_mona_bags', '{"ar":"منى باجز","en":"Mona Bags"}'::jsonb, '+201112000010', '{"governorate_id":"gov_alx","city":"الإسكندرية","district":"العجمي","street":"البيطاش","landmark":"قرب البحر","full_address_ar":"البيطاش، العجمي، الإسكندرية","full_address_en":"Bitash, Agamy, Alexandria"}'::jsonb, 'br_alex', '{"method":"fawry","frequency":"weekly"}'::jsonb, 45, 720000, true, '2026-03-05T08:00:00Z', '2026-04-21T08:00:00Z') on conflict (id) do nothing;
insert into public.clients ("id", "name", "business_name", "phone_primary", "email", "pickup_address", "preferred_branch_id", "payment_terms", "total_orders", "total_cod_owed", "is_active", "approval_status", "approval_requested_at", "created_at", "updated_at") values ('cl_pending_zenith', '{"ar":"زينيث ستور","en":"Zenith Store"}'::jsonb, '{"ar":"زينيث للأزياء","en":"Zenith Apparel"}'::jsonb, '+201018765432', 'hello@zenith.eg', '{"governorate_id":"gov_c","city":"القاهرة","district":"مصر الجديدة","street":"شارع الحجاز","full_address_ar":"شارع الحجاز، مصر الجديدة","full_address_en":"Hejaz St, Heliopolis"}'::jsonb, 'br_cairo_hq', '{"method":"instapay","frequency":"weekly"}'::jsonb, 0, 0, false, 'pending', '2026-05-08T10:00:00Z', '2026-05-08T10:00:00Z', '2026-05-08T10:00:00Z') on conflict (id) do nothing;
insert into public.clients ("id", "name", "business_name", "phone_primary", "email", "pickup_address", "preferred_branch_id", "payment_terms", "total_orders", "total_cod_owed", "is_active", "approval_status", "approval_requested_at", "created_at", "updated_at") values ('cl_pending_marina', '{"ar":"مارينا أكسسوارز","en":"Marina Accessories"}'::jsonb, '{"ar":"مارينا أكسسوارز","en":"Marina Accessories"}'::jsonb, '+201199887766', 'orders@marina-acc.eg', '{"governorate_id":"gov_alx","city":"الإسكندرية","district":"سموحة","street":"شارع فيكتور عمانوئيل","full_address_ar":"فيكتور عمانوئيل، سموحة، الإسكندرية","full_address_en":"Victor Emanuel St, Smouha, Alexandria"}'::jsonb, 'br_alex', '{"method":"cash","frequency":"monthly"}'::jsonb, 0, 0, false, 'pending', '2026-05-09T14:30:00Z', '2026-05-09T14:30:00Z', '2026-05-09T14:30:00Z') on conflict (id) do nothing;
insert into public.clients ("id", "name", "business_name", "phone_primary", "email", "pickup_address", "preferred_branch_id", "payment_terms", "total_orders", "total_cod_owed", "is_active", "approval_status", "approval_requested_at", "created_at", "updated_at") values ('cl_pending_oasis', '{"ar":"واحة الجمال","en":"Beauty Oasis"}'::jsonb, '{"ar":"واحة الجمال — منتجات تجميل","en":"Beauty Oasis — Cosmetics"}'::jsonb, '+201234567890', 'hi@oasis.eg', '{"governorate_id":"gov_c","city":"القاهرة","district":"6 أكتوبر","street":"الحي السابع","full_address_ar":"الحي السابع، 6 أكتوبر","full_address_en":"7th District, 6 October"}'::jsonb, 'br_cairo_hq', '{"method":"bank_transfer","frequency":"bi_weekly"}'::jsonb, 0, 0, false, 'pending', '2026-05-10T08:00:00Z', '2026-05-10T08:00:00Z', '2026-05-10T08:00:00Z') on conflict (id) do nothing;

-- client_shipping_rates (5)
insert into public.client_shipping_rates ("id", "client_id", "from_governorate_id", "to_governorate_id", "weight_tier", "base_price", "cod_handling_fee_percent", "is_active", "notes", "created_at", "updated_at") values ('crate_0001', 'cl_ahmed_store', 'gov_c', 'gov_c', '{"min_kg":0,"max_kg":2}'::jsonb, 5500, 0, true, 'Volume merchant — negotiated Cairo→Cairo rate', '2026-02-01T08:00:00Z', '2026-04-10T08:00:00Z') on conflict (id) do nothing;
insert into public.client_shipping_rates ("id", "client_id", "from_governorate_id", "to_governorate_id", "weight_tier", "base_price", "cod_handling_fee_percent", "is_active", "created_at", "updated_at") values ('crate_0002', 'cl_ahmed_store', 'gov_c', 'gov_gz', '{"min_kg":0,"max_kg":2}'::jsonb, 6500, 0, true, '2026-02-01T08:00:00Z', '2026-02-01T08:00:00Z') on conflict (id) do nothing;
insert into public.client_shipping_rates ("id", "client_id", "from_governorate_id", "to_governorate_id", "weight_tier", "base_price", "fragile_surcharge", "is_active", "notes", "created_at", "updated_at") values ('crate_0003', 'cl_nour_fashion', 'gov_c', 'gov_alx', '{"min_kg":0,"max_kg":1}'::jsonb, 9000, 2000, true, 'Fragile items in 1kg tier', '2026-03-15T08:00:00Z', '2026-04-12T08:00:00Z') on conflict (id) do nothing;
insert into public.client_shipping_rates ("id", "client_id", "from_governorate_id", "to_governorate_id", "weight_tier", "base_price", "cod_handling_fee_percent", "fragile_surcharge", "is_active", "notes", "created_at", "updated_at") values ('crate_0004', 'cl_tech_hub', 'gov_c', 'gov_c', '{"min_kg":0,"max_kg":5}'::jsonb, 7500, 1, 3000, true, 'Electronics — higher fragile surcharge', '2026-02-20T08:00:00Z', '2026-04-18T08:00:00Z') on conflict (id) do nothing;
insert into public.client_shipping_rates ("id", "client_id", "from_governorate_id", "to_governorate_id", "weight_tier", "base_price", "cod_handling_fee_percent", "is_active", "notes", "created_at", "updated_at") values ('crate_0005', 'cl_tech_hub', 'gov_c', 'gov_dk', '{"min_kg":0,"max_kg":5}'::jsonb, 14500, 1.5, false, 'Inactive — replaced by zone-based pricing', '2026-01-10T08:00:00Z', '2026-04-05T08:00:00Z') on conflict (id) do nothing;

-- awb_codes (17)
insert into public.awb_codes ("id", "code", "sequence", "branch_id", "status", "batch_id", "generated_by", "used_for_pickup_id", "used_at", "created_at", "updated_at") values ('awb_0001', 'HQ-100001', 100001, 'br_cairo_hq', 'used', 'batch_hq_001', 'u_nagui', 'pk_1041', '2026-04-22T09:15:00Z', '2026-04-01T08:00:00Z', '2026-04-22T09:15:00Z') on conflict (id) do nothing;
insert into public.awb_codes ("id", "code", "sequence", "branch_id", "status", "batch_id", "generated_by", "used_for_pickup_id", "used_at", "created_at", "updated_at") values ('awb_0002', 'HQ-100002', 100002, 'br_cairo_hq', 'used', 'batch_hq_001', 'u_nagui', 'pk_1042', '2026-04-22T10:30:00Z', '2026-04-01T08:00:00Z', '2026-04-22T10:30:00Z') on conflict (id) do nothing;
insert into public.awb_codes ("id", "code", "sequence", "branch_id", "status", "batch_id", "generated_by", "reserved_for_pickup_id", "reserved_at", "reserved_by", "created_at", "updated_at") values ('awb_0003', 'HQ-100003', 100003, 'br_cairo_hq', 'reserved', 'batch_hq_001', 'u_nagui', 'pk_review_001', '2026-05-09T11:00:00Z', 'u_ops_reviewer', '2026-04-01T08:00:00Z', '2026-05-09T11:00:00Z') on conflict (id) do nothing;
insert into public.awb_codes ("id", "code", "sequence", "branch_id", "status", "batch_id", "generated_by", "created_at", "updated_at") values ('awb_0004', 'HQ-100004', 100004, 'br_cairo_hq', 'available', 'batch_hq_001', 'u_nagui', '2026-04-01T08:00:00Z', '2026-04-01T08:00:00Z') on conflict (id) do nothing;
insert into public.awb_codes ("id", "code", "sequence", "branch_id", "status", "batch_id", "generated_by", "created_at", "updated_at") values ('awb_0005', 'HQ-100005', 100005, 'br_cairo_hq', 'available', 'batch_hq_001', 'u_nagui', '2026-04-01T08:00:00Z', '2026-04-01T08:00:00Z') on conflict (id) do nothing;
insert into public.awb_codes ("id", "code", "sequence", "branch_id", "status", "batch_id", "generated_by", "created_at", "updated_at") values ('awb_0006', 'HQ-100006', 100006, 'br_cairo_hq', 'available', 'batch_hq_001', 'u_nagui', '2026-04-01T08:00:00Z', '2026-04-01T08:00:00Z') on conflict (id) do nothing;
insert into public.awb_codes ("id", "code", "sequence", "branch_id", "status", "batch_id", "generated_by", "created_at", "updated_at") values ('awb_0007', 'HQ-100007', 100007, 'br_cairo_hq', 'available', 'batch_hq_001', 'u_nagui', '2026-04-01T08:00:00Z', '2026-04-01T08:00:00Z') on conflict (id) do nothing;
insert into public.awb_codes ("id", "code", "sequence", "branch_id", "status", "batch_id", "generated_by", "voided_at", "voided_by", "voided_reason", "created_at", "updated_at") values ('awb_0008', 'HQ-100008', 100008, 'br_cairo_hq', 'voided', 'batch_hq_001', 'u_nagui', '2026-04-15T13:00:00Z', 'u_nagui', 'Printer jam — duplicate', '2026-04-01T08:00:00Z', '2026-04-15T13:00:00Z') on conflict (id) do nothing;
insert into public.awb_codes ("id", "code", "sequence", "branch_id", "status", "batch_id", "generated_by", "created_at", "updated_at") values ('awb_0009', 'TAG-200001', 200001, 'br_tagamoa', 'available', 'batch_tag_001', 'u_mohamed_tag', '2026-04-05T08:00:00Z', '2026-04-05T08:00:00Z') on conflict (id) do nothing;
insert into public.awb_codes ("id", "code", "sequence", "branch_id", "status", "batch_id", "generated_by", "created_at", "updated_at") values ('awb_0010', 'TAG-200002', 200002, 'br_tagamoa', 'available', 'batch_tag_001', 'u_mohamed_tag', '2026-04-05T08:00:00Z', '2026-04-05T08:00:00Z') on conflict (id) do nothing;
insert into public.awb_codes ("id", "code", "sequence", "branch_id", "status", "batch_id", "generated_by", "created_at", "updated_at") values ('awb_0011', 'TAG-200003', 200003, 'br_tagamoa', 'available', 'batch_tag_001', 'u_mohamed_tag', '2026-04-05T08:00:00Z', '2026-04-05T08:00:00Z') on conflict (id) do nothing;
insert into public.awb_codes ("id", "code", "sequence", "branch_id", "status", "batch_id", "generated_by", "used_for_pickup_id", "used_at", "created_at", "updated_at") values ('awb_0012', 'TAG-200004', 200004, 'br_tagamoa', 'used', 'batch_tag_001', 'u_mohamed_tag', 'pk_1044', '2026-04-25T09:00:00Z', '2026-04-05T08:00:00Z', '2026-04-25T09:00:00Z') on conflict (id) do nothing;
insert into public.awb_codes ("id", "code", "sequence", "branch_id", "status", "batch_id", "generated_by", "created_at", "updated_at") values ('awb_0013', 'OCT-300001', 300001, 'br_october', 'available', 'batch_oct_001', 'u_karim_oct', '2026-04-10T08:00:00Z', '2026-04-10T08:00:00Z') on conflict (id) do nothing;
insert into public.awb_codes ("id", "code", "sequence", "branch_id", "status", "batch_id", "generated_by", "created_at", "updated_at") values ('awb_0014', 'OCT-300002', 300002, 'br_october', 'available', 'batch_oct_001', 'u_karim_oct', '2026-04-10T08:00:00Z', '2026-04-10T08:00:00Z') on conflict (id) do nothing;
insert into public.awb_codes ("id", "code", "sequence", "branch_id", "status", "batch_id", "generated_by", "created_at", "updated_at") values ('awb_0015', 'OCT-300003', 300003, 'br_october', 'available', 'batch_oct_001', 'u_karim_oct', '2026-04-10T08:00:00Z', '2026-04-10T08:00:00Z') on conflict (id) do nothing;
insert into public.awb_codes ("id", "code", "sequence", "branch_id", "status", "batch_id", "generated_by", "created_at", "updated_at") values ('awb_0016', 'ALX-400001', 400001, 'br_alex', 'available', 'batch_alx_001', 'u_layla_alx', '2026-04-15T08:00:00Z', '2026-04-15T08:00:00Z') on conflict (id) do nothing;
insert into public.awb_codes ("id", "code", "sequence", "branch_id", "status", "batch_id", "generated_by", "created_at", "updated_at") values ('awb_0017', 'ALX-400002', 400002, 'br_alex', 'available', 'batch_alx_001', 'u_layla_alx', '2026-04-15T08:00:00Z', '2026-04-15T08:00:00Z') on conflict (id) do nothing;

-- pickups (28)
insert into public.pickups ("id", "code", "reference_code", "client_id", "branch_id", "recipient", "delivery_address", "description", "weight_kg", "pieces_count", "is_fragile", "allow_open_package", "cod_amount", "shipping_fee", "status", "status_history", "created_at", "updated_at") values ('pk_1041', 'PK-1041', 'AHM-2410', 'cl_ahmed_store', 'br_cairo_hq', '{"name":{"ar":"سلمى حسن","en":"Salma Hassan"},"phone_primary":"+201012345678"}'::jsonb, '{"governorate_id":"gov_c","city":"القاهرة","district":"الزمالك","street":"شارع 26 يوليو","landmark":"أمام فندق ماريوت","full_address_ar":"26 يوليو، الزمالك — أمام فندق ماريوت","full_address_en":"26 July St, Zamalek — opposite Marriott"}'::jsonb, '{"ar":"حذاء رياضي — مقاس 40","en":"Running shoes — size 40"}'::jsonb, 1.2, 1, false, true, 85000, 6500, 'pending', '[{"status":"pending","timestamp":"2026-04-22T09:15:00Z","note":"تم الاستلام من العميل"}]'::jsonb, '2026-04-22T09:15:00Z', '2026-04-22T09:15:00Z') on conflict (id) do nothing;
insert into public.pickups ("id", "code", "reference_code", "client_id", "branch_id", "recipient", "delivery_address", "description", "weight_kg", "pieces_count", "is_fragile", "allow_open_package", "cod_amount", "shipping_fee", "status", "status_history", "created_at", "updated_at") values ('pk_1042', 'PK-1042', 'NF-559', 'cl_nour_fashion', 'br_cairo_hq', '{"name":{"ar":"هبة عادل","en":"Heba Adel"},"phone_primary":"+201112345679"}'::jsonb, '{"governorate_id":"gov_c","city":"القاهرة","district":"مدينة نصر","street":"شارع الطيران","landmark":"برج الصفا","full_address_ar":"شارع الطيران، مدينة نصر — برج الصفا","full_address_en":"Tayaran St, Nasr City — Safa Tower"}'::jsonb, '{"ar":"فستان صيفي × 2","en":"Summer dresses × 2"}'::jsonb, 0.8, 2, false, false, 145000, 5500, 'pending', '[{"status":"pending","timestamp":"2026-04-22T10:30:00Z"}]'::jsonb, '2026-04-22T10:30:00Z', '2026-04-22T10:30:00Z') on conflict (id) do nothing;
insert into public.pickups ("id", "code", "reference_code", "client_id", "branch_id", "recipient", "delivery_address", "description", "weight_kg", "pieces_count", "is_fragile", "allow_open_package", "cod_amount", "shipping_fee", "status", "status_history", "created_at", "updated_at") values ('pk_1043', 'PK-1043', 'TH-8821', 'cl_tech_hub', 'br_tagamoa', '{"name":{"ar":"أحمد كمال","en":"Ahmed Kamal"},"phone_primary":"+201212345680","phone_secondary":"+201512345680"}'::jsonb, '{"governorate_id":"gov_c","city":"القاهرة الجديدة","district":"التجمع الخامس","street":"النرجس","landmark":"كمبوند الياسمين، فيلا 45","full_address_ar":"النرجس، التجمع الخامس — كمبوند الياسمين فيلا ٤٥","full_address_en":"Narges, 5th Settlement — Yasmin Compound Villa 45"}'::jsonb, '{"ar":"لاب توب — HP Pavilion","en":"Laptop — HP Pavilion"}'::jsonb, 2.5, 1, true, false, 2850000, 12000, 'pending', '[{"status":"pending","timestamp":"2026-04-22T14:00:00Z"}]'::jsonb, '2026-04-22T14:00:00Z', '2026-04-22T14:00:00Z') on conflict (id) do nothing;
insert into public.pickups ("id", "code", "client_id", "branch_id", "recipient", "delivery_address", "description", "weight_kg", "pieces_count", "is_fragile", "allow_open_package", "cod_amount", "shipping_fee", "status", "status_history", "created_at", "updated_at") values ('pk_1044', 'PK-1044', 'cl_mariam_cosmetics', 'br_cairo_hq', '{"name":{"ar":"دعاء سمير","en":"Doaa Samir"},"phone_primary":"+201512345681"}'::jsonb, '{"governorate_id":"gov_gz","city":"الجيزة","district":"فيصل","street":"شارع الملك فيصل","landmark":"قرب كوبري الجامعة","full_address_ar":"شارع الملك فيصل، الجيزة — قرب كوبري الجامعة","full_address_en":"King Faisal St, Giza — near University Bridge"}'::jsonb, '{"ar":"مستحضرات تجميل","en":"Cosmetics bundle"}'::jsonb, 0.5, 4, false, true, 62000, 4500, 'pending', '[{"status":"pending","timestamp":"2026-04-23T07:45:00Z"}]'::jsonb, '2026-04-23T07:45:00Z', '2026-04-23T07:45:00Z') on conflict (id) do nothing;
insert into public.pickups ("id", "code", "reference_code", "client_id", "branch_id", "recipient", "delivery_address", "description", "weight_kg", "pieces_count", "is_fragile", "allow_open_package", "cod_amount", "shipping_fee", "status", "vehicle_type", "driver_id", "dispatched_at", "expected_delivery_date", "status_history", "created_at", "updated_at") values ('pk_1031', 'PK-1031', 'AHM-2405', 'cl_ahmed_store', 'br_cairo_hq', '{"name":{"ar":"محمود عصام","en":"Mahmoud Essam"},"phone_primary":"+201012345682"}'::jsonb, '{"governorate_id":"gov_c","city":"القاهرة","district":"المعادي","street":"شارع 9","full_address_ar":"شارع 9، المعادي","full_address_en":"9th Street, Maadi"}'::jsonb, '{"ar":"حذاء كلاسيك","en":"Classic shoes"}'::jsonb, 1.4, 1, false, true, 125000, 6500, 'dispatched', 'tagamoa_van', 'u_drv_ahmed', '2026-04-22T08:30:00Z', '2026-04-23', '[{"status":"pending","timestamp":"2026-04-21T16:00:00Z"},{"status":"dispatched","timestamp":"2026-04-22T08:30:00Z","user_id":"u_nagui","note":"إرسال عبر عربية التجمع"}]'::jsonb, '2026-04-21T16:00:00Z', '2026-04-22T08:30:00Z') on conflict (id) do nothing;
insert into public.pickups ("id", "code", "client_id", "branch_id", "recipient", "delivery_address", "description", "weight_kg", "pieces_count", "is_fragile", "allow_open_package", "cod_amount", "shipping_fee", "status", "vehicle_type", "driver_id", "dispatched_at", "expected_delivery_date", "status_history", "created_at", "updated_at") values ('pk_1032', 'PK-1032', 'cl_omar_pharma', 'br_october', '{"name":{"ar":"د. عادل سعيد","en":"Dr. Adel Saeed"},"phone_primary":"+201212345683"}'::jsonb, '{"governorate_id":"gov_gz","city":"6 أكتوبر","district":"الحي الثاني عشر","street":"الشارع السابع","landmark":"أمام مدرسة النيل","full_address_ar":"الحي 12، 6 أكتوبر — أمام مدرسة النيل","full_address_en":"District 12, 6 October — opposite Nile School"}'::jsonb, '{"ar":"أدوية موصوفة — يستلم شخصياً","en":"Prescription meds — personal receipt"}'::jsonb, 0.3, 1, false, false, 48500, 4000, 'dispatched', 'motorcycle', 'u_drv_omar', '2026-04-23T09:00:00Z', '2026-04-23', '[{"status":"pending","timestamp":"2026-04-22T18:00:00Z"},{"status":"dispatched","timestamp":"2026-04-23T09:00:00Z","user_id":"u_karim_oct"}]'::jsonb, '2026-04-22T18:00:00Z', '2026-04-23T09:00:00Z') on conflict (id) do nothing;
insert into public.pickups ("id", "code", "reference_code", "client_id", "branch_id", "recipient", "delivery_address", "description", "weight_kg", "pieces_count", "is_fragile", "allow_open_package", "cod_amount", "shipping_fee", "status", "vehicle_type", "driver_id", "dispatched_at", "expected_delivery_date", "status_history", "created_at", "updated_at") values ('pk_1033', 'PK-1033', 'NF-551', 'cl_nour_fashion', 'br_cairo_hq', '{"name":{"ar":"أميرة حسام","en":"Amira Hossam"},"phone_primary":"+201112345684"}'::jsonb, '{"governorate_id":"gov_c","city":"القاهرة","district":"الشيخ زايد","street":"الحي الأول","full_address_ar":"الحي الأول، الشيخ زايد","full_address_en":"First District, Sheikh Zayed"}'::jsonb, '{"ar":"حقيبة يد","en":"Handbag"}'::jsonb, 0.6, 1, false, false, 195000, 6000, 'dispatched', 'october_van', 'u_drv_mostafa', '2026-04-23T08:15:00Z', '2026-04-23', '[{"status":"pending","timestamp":"2026-04-22T14:30:00Z"},{"status":"dispatched","timestamp":"2026-04-23T08:15:00Z","user_id":"u_mohamed_tag"}]'::jsonb, '2026-04-22T14:30:00Z', '2026-04-23T08:15:00Z') on conflict (id) do nothing;
insert into public.pickups ("id", "code", "client_id", "branch_id", "recipient", "delivery_address", "description", "weight_kg", "pieces_count", "is_fragile", "allow_open_package", "cod_amount", "shipping_fee", "status", "vehicle_type", "driver_id", "dispatched_at", "expected_delivery_date", "status_history", "created_at", "updated_at") values ('pk_1034', 'PK-1034', 'cl_layla_boutique', 'br_cairo_hq', '{"name":{"ar":"رنا وليد","en":"Rana Walid"},"phone_primary":"+201512345685"}'::jsonb, '{"governorate_id":"gov_gz","city":"الجيزة","district":"الدقي","street":"شارع مصدق","full_address_ar":"شارع مصدق، الدقي","full_address_en":"Mosadak St, Dokki"}'::jsonb, '{"ar":"فستان سهرة","en":"Evening dress"}'::jsonb, 1, 1, false, false, 345000, 6500, 'dispatched', 'tagamoa_van', 'u_drv_ahmed', '2026-04-22T11:00:00Z', '2026-04-23', '[{"status":"pending","timestamp":"2026-04-21T18:30:00Z"},{"status":"dispatched","timestamp":"2026-04-22T11:00:00Z"}]'::jsonb, '2026-04-21T18:30:00Z', '2026-04-22T11:00:00Z') on conflict (id) do nothing;
insert into public.pickups ("id", "code", "client_id", "branch_id", "recipient", "delivery_address", "description", "weight_kg", "pieces_count", "is_fragile", "allow_open_package", "cod_amount", "shipping_fee", "status", "vehicle_type", "driver_id", "dispatched_at", "expected_delivery_date", "status_history", "created_at", "updated_at") values ('pk_1020', 'PK-1020', 'cl_tech_hub', 'br_tagamoa', '{"name":{"ar":"شريف محسن","en":"Sherif Mohsen"},"phone_primary":"+201212345686"}'::jsonb, '{"governorate_id":"gov_c","city":"القاهرة","district":"مدينة نصر","street":"شارع مصطفى النحاس","full_address_ar":"شارع مصطفى النحاس، مدينة نصر","full_address_en":"Mostafa El Nahas, Nasr City"}'::jsonb, '{"ar":"سماعات بلوتوث","en":"Bluetooth headphones"}'::jsonb, 0.4, 1, true, false, 125000, 5500, 'out_for_delivery', 'october_van', 'u_drv_mostafa', '2026-04-23T07:30:00Z', '2026-04-23', '[{"status":"pending","timestamp":"2026-04-22T13:00:00Z"},{"status":"dispatched","timestamp":"2026-04-23T07:30:00Z"},{"status":"out_for_delivery","timestamp":"2026-04-23T10:15:00Z"}]'::jsonb, '2026-04-22T13:00:00Z', '2026-04-23T10:15:00Z') on conflict (id) do nothing;
insert into public.pickups ("id", "code", "client_id", "branch_id", "recipient", "delivery_address", "description", "weight_kg", "pieces_count", "is_fragile", "allow_open_package", "cod_amount", "shipping_fee", "status", "vehicle_type", "driver_id", "dispatched_at", "expected_delivery_date", "status_history", "created_at", "updated_at") values ('pk_1021', 'PK-1021', 'cl_ahmed_store', 'br_cairo_hq', '{"name":{"ar":"كريم ياسر","en":"Karim Yasser"},"phone_primary":"+201012345687"}'::jsonb, '{"governorate_id":"gov_c","city":"القاهرة","district":"الهرم","street":"ميدان الرماية","full_address_ar":"ميدان الرماية، الهرم","full_address_en":"Remaya Sq, Haram"}'::jsonb, '{"ar":"حذاء رياضي × 2","en":"Sport shoes × 2"}'::jsonb, 2.1, 2, false, true, 170000, 7000, 'out_for_delivery', 'tagamoa_van', 'u_drv_ahmed', '2026-04-23T07:45:00Z', '2026-04-23', '[{"status":"pending","timestamp":"2026-04-22T11:15:00Z"},{"status":"dispatched","timestamp":"2026-04-23T07:45:00Z"},{"status":"out_for_delivery","timestamp":"2026-04-23T09:30:00Z"}]'::jsonb, '2026-04-22T11:15:00Z', '2026-04-23T09:30:00Z') on conflict (id) do nothing;
insert into public.pickups ("id", "code", "client_id", "branch_id", "recipient", "delivery_address", "description", "weight_kg", "pieces_count", "is_fragile", "allow_open_package", "cod_amount", "shipping_fee", "status", "vehicle_type", "driver_id", "dispatched_at", "expected_delivery_date", "status_history", "created_at", "updated_at") values ('pk_1022', 'PK-1022', 'cl_sara_electronics', 'br_alex', '{"name":{"ar":"مصطفى الفخراني","en":"Mostafa El Fakharany"},"phone_primary":"+201112345688"}'::jsonb, '{"governorate_id":"gov_alx","city":"الإسكندرية","district":"ميامي","street":"طريق الكورنيش","full_address_ar":"الكورنيش، ميامي، الإسكندرية","full_address_en":"Corniche, Miami, Alexandria"}'::jsonb, '{"ar":"مكنسة كهربائية","en":"Vacuum cleaner"}'::jsonb, 5.8, 1, true, false, 485000, 9500, 'out_for_delivery', 'tagamoa_van', 'u_drv_hassan', '2026-04-23T08:00:00Z', '2026-04-23', '[{"status":"pending","timestamp":"2026-04-22T16:00:00Z"},{"status":"dispatched","timestamp":"2026-04-23T08:00:00Z"},{"status":"out_for_delivery","timestamp":"2026-04-23T11:00:00Z"}]'::jsonb, '2026-04-22T16:00:00Z', '2026-04-23T11:00:00Z') on conflict (id) do nothing;
insert into public.pickups ("id", "code", "client_id", "branch_id", "recipient", "delivery_address", "description", "weight_kg", "pieces_count", "is_fragile", "allow_open_package", "cod_amount", "shipping_fee", "status", "vehicle_type", "driver_id", "dispatched_at", "expected_delivery_date", "delivered_at", "status_history", "created_at", "updated_at") values ('pk_0991', 'PK-0991', 'cl_ahmed_store', 'br_cairo_hq', '{"name":{"ar":"منى علي","en":"Mona Ali"},"phone_primary":"+201012345689"}'::jsonb, '{"governorate_id":"gov_c","city":"القاهرة","district":"المعادي","street":"شارع 231","full_address_ar":"شارع 231، المعادي","full_address_en":"231 St, Maadi"}'::jsonb, '{"ar":"حذاء نسائي","en":"Women''s shoes"}'::jsonb, 0.9, 1, false, true, 95000, 6000, 'delivered', 'tagamoa_van', 'u_drv_ahmed', '2026-04-20T08:00:00Z', '2026-04-21', '2026-04-21T14:30:00Z', '[{"status":"pending","timestamp":"2026-04-19T14:00:00Z"},{"status":"dispatched","timestamp":"2026-04-20T08:00:00Z"},{"status":"out_for_delivery","timestamp":"2026-04-21T10:00:00Z"},{"status":"delivered","timestamp":"2026-04-21T14:30:00Z"}]'::jsonb, '2026-04-19T14:00:00Z', '2026-04-21T14:30:00Z') on conflict (id) do nothing;
insert into public.pickups ("id", "code", "client_id", "branch_id", "recipient", "delivery_address", "description", "weight_kg", "pieces_count", "is_fragile", "allow_open_package", "cod_amount", "shipping_fee", "status", "vehicle_type", "driver_id", "dispatched_at", "delivered_at", "status_history", "created_at", "updated_at") values ('pk_0992', 'PK-0992', 'cl_nour_fashion', 'br_cairo_hq', '{"name":{"ar":"حنان سليم","en":"Hanan Selim"},"phone_primary":"+201112345690"}'::jsonb, '{"governorate_id":"gov_c","city":"القاهرة","district":"مدينة نصر","street":"حي السفارات","full_address_ar":"حي السفارات، مدينة نصر","full_address_en":"Embassies District, Nasr City"}'::jsonb, '{"ar":"طقم ملابس","en":"Clothing set"}'::jsonb, 1.1, 3, false, false, 220000, 6000, 'delivered', 'tagamoa_van', 'u_drv_ahmed', '2026-04-20T08:30:00Z', '2026-04-21T12:00:00Z', '[{"status":"pending","timestamp":"2026-04-19T17:00:00Z"},{"status":"dispatched","timestamp":"2026-04-20T08:30:00Z"},{"status":"delivered","timestamp":"2026-04-21T12:00:00Z"}]'::jsonb, '2026-04-19T17:00:00Z', '2026-04-21T12:00:00Z') on conflict (id) do nothing;
insert into public.pickups ("id", "code", "client_id", "branch_id", "recipient", "delivery_address", "description", "weight_kg", "pieces_count", "is_fragile", "allow_open_package", "cod_amount", "shipping_fee", "status", "vehicle_type", "driver_id", "dispatched_at", "delivered_at", "status_history", "created_at", "updated_at") values ('pk_0993', 'PK-0993', 'cl_tech_hub', 'br_tagamoa', '{"name":{"ar":"وائل فتحي","en":"Wael Fathy"},"phone_primary":"+201212345691"}'::jsonb, '{"governorate_id":"gov_c","city":"القاهرة الجديدة","district":"الرحاب","street":"المجموعة 53","full_address_ar":"المجموعة 53، الرحاب","full_address_en":"Group 53, Rehab"}'::jsonb, '{"ar":"شاشة ساوند بار","en":"Soundbar"}'::jsonb, 4.2, 1, true, false, 1250000, 10000, 'delivered', 'october_van', 'u_drv_mostafa', '2026-04-19T09:00:00Z', '2026-04-20T11:30:00Z', '[{"status":"pending","timestamp":"2026-04-18T16:00:00Z"},{"status":"dispatched","timestamp":"2026-04-19T09:00:00Z"},{"status":"delivered","timestamp":"2026-04-20T11:30:00Z"}]'::jsonb, '2026-04-18T16:00:00Z', '2026-04-20T11:30:00Z') on conflict (id) do nothing;
insert into public.pickups ("id", "code", "client_id", "branch_id", "recipient", "delivery_address", "description", "weight_kg", "pieces_count", "is_fragile", "allow_open_package", "cod_amount", "shipping_fee", "status", "vehicle_type", "driver_id", "dispatched_at", "delivered_at", "status_history", "created_at", "updated_at") values ('pk_0994', 'PK-0994', 'cl_omar_pharma', 'br_october', '{"name":{"ar":"إيمان حافظ","en":"Eman Hafez"},"phone_primary":"+201512345692"}'::jsonb, '{"governorate_id":"gov_gz","city":"6 أكتوبر","district":"الحي السادس","street":"شارع 200","full_address_ar":"شارع 200، الحي السادس، 6 أكتوبر","full_address_en":"200 St, District 6, 6 October"}'::jsonb, '{"ar":"أدوية مزمنة","en":"Chronic meds"}'::jsonb, 0.5, 1, false, false, 72000, 4000, 'delivered', 'motorcycle', 'u_drv_omar', '2026-04-22T09:30:00Z', '2026-04-22T15:00:00Z', '[{"status":"pending","timestamp":"2026-04-21T18:00:00Z"},{"status":"dispatched","timestamp":"2026-04-22T09:30:00Z"},{"status":"delivered","timestamp":"2026-04-22T15:00:00Z"}]'::jsonb, '2026-04-21T18:00:00Z', '2026-04-22T15:00:00Z') on conflict (id) do nothing;
insert into public.pickups ("id", "code", "client_id", "branch_id", "recipient", "delivery_address", "description", "weight_kg", "pieces_count", "is_fragile", "allow_open_package", "cod_amount", "shipping_fee", "status", "vehicle_type", "driver_id", "dispatched_at", "delivered_at", "status_history", "created_at", "updated_at") values ('pk_0995', 'PK-0995', 'cl_mariam_cosmetics', 'br_cairo_hq', '{"name":{"ar":"سلوى عبد القادر","en":"Salwa Abdelqader"},"phone_primary":"+201012345693"}'::jsonb, '{"governorate_id":"gov_gz","city":"الجيزة","district":"المهندسين","street":"شارع شهاب","full_address_ar":"شارع شهاب، المهندسين","full_address_en":"Shehab St, Mohandessin"}'::jsonb, '{"ar":"مستحضرات تجميل","en":"Makeup set"}'::jsonb, 0.4, 1, false, true, 58500, 4500, 'delivered', 'motorcycle', 'u_drv_sami', '2026-04-22T10:00:00Z', '2026-04-22T13:20:00Z', '[{"status":"pending","timestamp":"2026-04-21T19:00:00Z"},{"status":"dispatched","timestamp":"2026-04-22T10:00:00Z"},{"status":"delivered","timestamp":"2026-04-22T13:20:00Z"}]'::jsonb, '2026-04-21T19:00:00Z', '2026-04-22T13:20:00Z') on conflict (id) do nothing;
insert into public.pickups ("id", "code", "client_id", "branch_id", "recipient", "delivery_address", "description", "weight_kg", "pieces_count", "is_fragile", "allow_open_package", "cod_amount", "shipping_fee", "status", "vehicle_type", "driver_id", "dispatched_at", "delivered_at", "status_history", "created_at", "updated_at") values ('pk_0996', 'PK-0996', 'cl_sara_electronics', 'br_alex', '{"name":{"ar":"أحمد رياض","en":"Ahmed Riyad"},"phone_primary":"+201112345694"}'::jsonb, '{"governorate_id":"gov_alx","city":"الإسكندرية","district":"سيدي بشر","street":"شارع خالد بن الوليد","full_address_ar":"خالد بن الوليد، سيدي بشر، الإسكندرية","full_address_en":"Khaled Ben El Waleed, Sidi Bishr, Alexandria"}'::jsonb, '{"ar":"خلاط كهربائي","en":"Blender"}'::jsonb, 3.1, 1, true, false, 285000, 7500, 'delivered', 'tagamoa_van', 'u_drv_hassan', '2026-04-21T08:15:00Z', '2026-04-21T17:45:00Z', '[{"status":"pending","timestamp":"2026-04-20T14:00:00Z"},{"status":"dispatched","timestamp":"2026-04-21T08:15:00Z"},{"status":"delivered","timestamp":"2026-04-21T17:45:00Z"}]'::jsonb, '2026-04-20T14:00:00Z', '2026-04-21T17:45:00Z') on conflict (id) do nothing;
insert into public.pickups ("id", "code", "client_id", "branch_id", "recipient", "delivery_address", "description", "weight_kg", "pieces_count", "is_fragile", "allow_open_package", "cod_amount", "shipping_fee", "status", "vehicle_type", "driver_id", "dispatched_at", "delivered_at", "status_history", "created_at", "updated_at") values ('pk_0997', 'PK-0997', 'cl_ahmed_store', 'br_cairo_hq', '{"name":{"ar":"هشام مرزوق","en":"Hesham Marzouk"},"phone_primary":"+201012345695"}'::jsonb, '{"governorate_id":"gov_c","city":"القاهرة","district":"حدائق القبة","street":"شارع المطرية","full_address_ar":"المطرية، حدائق القبة","full_address_en":"Matareya, Hadayek El Qoba"}'::jsonb, '{"ar":"حذاء جلد طبيعي","en":"Genuine leather shoes"}'::jsonb, 1.3, 1, false, true, 180000, 6500, 'delivered', 'motorcycle', 'u_drv_sami', '2026-04-21T09:00:00Z', '2026-04-21T13:00:00Z', '[{"status":"pending","timestamp":"2026-04-20T16:00:00Z"},{"status":"dispatched","timestamp":"2026-04-21T09:00:00Z"},{"status":"delivered","timestamp":"2026-04-21T13:00:00Z"}]'::jsonb, '2026-04-20T16:00:00Z', '2026-04-21T13:00:00Z') on conflict (id) do nothing;
insert into public.pickups ("id", "code", "client_id", "branch_id", "recipient", "delivery_address", "description", "weight_kg", "pieces_count", "is_fragile", "allow_open_package", "cod_amount", "shipping_fee", "status", "vehicle_type", "driver_id", "dispatched_at", "delivered_at", "status_history", "created_at", "updated_at") values ('pk_0998', 'PK-0998', 'cl_karim_home', 'br_cairo_hq', '{"name":{"ar":"ياسمين هاني","en":"Yasmin Hany"},"phone_primary":"+201212345696"}'::jsonb, '{"governorate_id":"gov_c","city":"القاهرة","district":"مصر الجديدة","street":"شارع البارودي","full_address_ar":"شارع البارودي، مصر الجديدة","full_address_en":"El Baroody St, Heliopolis"}'::jsonb, '{"ar":"كرسي مكتبي","en":"Office chair"}'::jsonb, 12, 1, false, false, 680000, 15000, 'delivered', 'october_van', 'u_drv_amr', '2026-04-19T10:00:00Z', '2026-04-19T18:00:00Z', '[{"status":"pending","timestamp":"2026-04-18T12:00:00Z"},{"status":"dispatched","timestamp":"2026-04-19T10:00:00Z"},{"status":"delivered","timestamp":"2026-04-19T18:00:00Z"}]'::jsonb, '2026-04-18T12:00:00Z', '2026-04-19T18:00:00Z') on conflict (id) do nothing;
insert into public.pickups ("id", "code", "client_id", "branch_id", "recipient", "delivery_address", "description", "weight_kg", "pieces_count", "is_fragile", "allow_open_package", "cod_amount", "shipping_fee", "status", "vehicle_type", "driver_id", "dispatched_at", "delivered_at", "status_history", "created_at", "updated_at") values ('pk_0981', 'PK-0981', 'cl_tech_hub', 'br_tagamoa', '{"name":{"ar":"باسم خالد","en":"Basem Khaled"},"phone_primary":"+201512345697"}'::jsonb, '{"governorate_id":"gov_c","city":"القاهرة","district":"التجمع الخامس","street":"ميدان الأمل","full_address_ar":"ميدان الأمل، التجمع","full_address_en":"Amal Sq, 5th Settlement"}'::jsonb, '{"ar":"تابلت — 10 إنش","en":"Tablet — 10 inch"}'::jsonb, 1.1, 2, true, false, 890000, 8000, 'partially_delivered', 'october_van', 'u_drv_mostafa', '2026-04-18T09:00:00Z', '2026-04-18T16:00:00Z', '[{"status":"pending","timestamp":"2026-04-17T15:00:00Z"},{"status":"dispatched","timestamp":"2026-04-18T09:00:00Z"},{"status":"partially_delivered","timestamp":"2026-04-18T16:00:00Z","note":"تسليم قطعة واحدة فقط — الثانية مرتجعة"}]'::jsonb, '2026-04-17T15:00:00Z', '2026-04-18T16:00:00Z') on conflict (id) do nothing;
insert into public.pickups ("id", "code", "client_id", "branch_id", "recipient", "delivery_address", "description", "weight_kg", "pieces_count", "is_fragile", "allow_open_package", "cod_amount", "shipping_fee", "status", "vehicle_type", "driver_id", "dispatched_at", "delivered_at", "status_history", "created_at", "updated_at") values ('pk_0982', 'PK-0982', 'cl_nour_fashion', 'br_cairo_hq', '{"name":{"ar":"شيرين عزت","en":"Shereen Ezzat"},"phone_primary":"+201112345698"}'::jsonb, '{"governorate_id":"gov_c","city":"القاهرة","district":"مدينة نصر","street":"حي العاشر","full_address_ar":"حي العاشر، مدينة نصر","full_address_en":"10th District, Nasr City"}'::jsonb, '{"ar":"ملابس × 4","en":"Clothes × 4"}'::jsonb, 1.6, 4, false, false, 415000, 6500, 'partially_delivered', 'tagamoa_van', 'u_drv_ahmed', '2026-04-17T09:30:00Z', '2026-04-17T15:30:00Z', '[{"status":"pending","timestamp":"2026-04-16T18:00:00Z"},{"status":"dispatched","timestamp":"2026-04-17T09:30:00Z"},{"status":"partially_delivered","timestamp":"2026-04-17T15:30:00Z","note":"قطعتان مرتجعتان — مقاس غلط"}]'::jsonb, '2026-04-16T18:00:00Z', '2026-04-17T15:30:00Z') on conflict (id) do nothing;
insert into public.pickups ("id", "code", "client_id", "branch_id", "recipient", "delivery_address", "description", "weight_kg", "pieces_count", "is_fragile", "allow_open_package", "cod_amount", "shipping_fee", "status", "vehicle_type", "driver_id", "dispatched_at", "status_history", "created_at", "updated_at") values ('pk_0961', 'PK-0961', 'cl_layla_boutique', 'br_cairo_hq', '{"name":{"ar":"داليا سمير","en":"Dalia Samir"},"phone_primary":"+201512345699"}'::jsonb, '{"governorate_id":"gov_gz","city":"الجيزة","district":"العجوزة","street":"شارع سوريا","full_address_ar":"شارع سوريا، العجوزة","full_address_en":"Syria St, Agouza"}'::jsonb, '{"ar":"فستان مناسبات","en":"Evening gown"}'::jsonb, 1.4, 1, false, false, 720000, 7000, 'returned', 'tagamoa_van', 'u_drv_ahmed', '2026-04-15T09:00:00Z', '[{"status":"pending","timestamp":"2026-04-14T14:00:00Z"},{"status":"dispatched","timestamp":"2026-04-15T09:00:00Z"},{"status":"returned","timestamp":"2026-04-15T17:00:00Z","note":"رفض العميل — اللون غير مطابق"}]'::jsonb, '2026-04-14T14:00:00Z', '2026-04-15T17:00:00Z') on conflict (id) do nothing;
insert into public.pickups ("id", "code", "client_id", "branch_id", "recipient", "delivery_address", "description", "weight_kg", "pieces_count", "is_fragile", "allow_open_package", "cod_amount", "shipping_fee", "status", "vehicle_type", "driver_id", "dispatched_at", "status_history", "created_at", "updated_at") values ('pk_0962', 'PK-0962', 'cl_mona_bags', 'br_alex', '{"name":{"ar":"نور الدين حسن","en":"Nour El Din Hassan"},"phone_primary":"+201112345700"}'::jsonb, '{"governorate_id":"gov_alx","city":"الإسكندرية","district":"محرم بك","street":"شارع الإقبال","full_address_ar":"الإقبال، محرم بك","full_address_en":"Eqbal St, Moharam Bek"}'::jsonb, '{"ar":"حقيبة يد نسائية","en":"Handbag"}'::jsonb, 0.6, 1, false, false, 165000, 5500, 'returned', 'motorcycle', 'u_drv_hassan', '2026-04-16T10:00:00Z', '[{"status":"pending","timestamp":"2026-04-15T12:00:00Z"},{"status":"dispatched","timestamp":"2026-04-16T10:00:00Z"},{"status":"returned","timestamp":"2026-04-16T18:00:00Z","note":"العميل غير موجود — جولة فاشلة ثالثة"}]'::jsonb, '2026-04-15T12:00:00Z', '2026-04-16T18:00:00Z') on conflict (id) do nothing;
insert into public.pickups ("id", "code", "client_id", "branch_id", "recipient", "delivery_address", "description", "weight_kg", "pieces_count", "is_fragile", "allow_open_package", "cod_amount", "shipping_fee", "status", "status_history", "created_at", "updated_at") values ('pk_0963', 'PK-0963', 'cl_ahmed_store', 'br_cairo_hq', '{"name":{"ar":"محمد عادل","en":"Mohamed Adel"},"phone_primary":"+201012345701"}'::jsonb, '{"governorate_id":"gov_c","city":"القاهرة","district":"حلوان","street":"شارع المدارس","full_address_ar":"شارع المدارس، حلوان","full_address_en":"Schools St, Helwan"}'::jsonb, '{"ar":"حذاء رياضي","en":"Sport shoes"}'::jsonb, 1, 1, false, true, 110000, 6500, 'cancelled', '[{"status":"pending","timestamp":"2026-04-20T10:00:00Z"},{"status":"cancelled","timestamp":"2026-04-20T14:30:00Z","note":"إلغاء من العميل قبل الإرسال"}]'::jsonb, '2026-04-20T10:00:00Z', '2026-04-20T14:30:00Z') on conflict (id) do nothing;
insert into public.pickups ("id", "code", "client_id", "branch_id", "recipient", "delivery_address", "description", "weight_kg", "pieces_count", "is_fragile", "allow_open_package", "cod_amount", "shipping_fee", "status", "vehicle_type", "driver_id", "dispatched_at", "status_history", "created_at", "updated_at") values ('pk_0964', 'PK-0964', 'cl_tech_hub', 'br_tagamoa', '{"name":{"ar":"أيمن سعد","en":"Ayman Saad"},"phone_primary":"+201212345702"}'::jsonb, '{"governorate_id":"gov_c","city":"القاهرة الجديدة","district":"الشروق","street":"الحي الأول","full_address_ar":"الحي الأول، الشروق","full_address_en":"1st District, Shorouk"}'::jsonb, '{"ar":"ماوس لاسلكي","en":"Wireless mouse"}'::jsonb, 0.2, 1, false, false, 32000, 4000, 'refused', 'motorcycle', 'u_drv_sami', '2026-04-19T10:00:00Z', '[{"status":"pending","timestamp":"2026-04-18T16:00:00Z"},{"status":"dispatched","timestamp":"2026-04-19T10:00:00Z"},{"status":"refused","timestamp":"2026-04-19T14:00:00Z","note":"العميل رفض الاستلام — المنتج غير مطابق للوصف"}]'::jsonb, '2026-04-18T16:00:00Z', '2026-04-19T14:00:00Z') on conflict (id) do nothing;
insert into public.pickups ("id", "code", "reference_code", "client_id", "branch_id", "order_type", "submission_source", "review_status", "recipient", "delivery_address", "description", "weight_kg", "pieces_count", "is_fragile", "allow_open_package", "cod_amount", "shipping_fee", "status", "status_history", "created_at", "updated_at") values ('pk_review_001', 'PK-2001', 'AHM-9001', 'cl_ahmed_store', 'br_cairo_hq', 'forward', 'merchant_portal', 'pending_review', '{"name":{"ar":"ياسمين فؤاد","en":"Yasmin Fouad"},"phone_primary":"+201019998877"}'::jsonb, '{"governorate_id":"gov_c","city":"القاهرة","district":"الدقي","street":"شارع التحرير","full_address_ar":"التحرير، الدقي، الجيزة","full_address_en":"Tahrir St, Dokki, Giza"}'::jsonb, '{"ar":"سنيكرز بنات","en":"Sneakers — kids"}'::jsonb, 0.9, 1, false, true, 65000, 6000, 'pending', '[{"status":"pending","timestamp":"2026-05-09T11:00:00Z","note":"Submitted via merchant portal"}]'::jsonb, '2026-05-09T11:00:00Z', '2026-05-09T11:00:00Z') on conflict (id) do nothing;
insert into public.pickups ("id", "code", "reference_code", "client_id", "branch_id", "order_type", "submission_source", "review_status", "recipient", "delivery_address", "description", "weight_kg", "pieces_count", "is_fragile", "allow_open_package", "cod_amount", "shipping_fee", "status", "status_history", "created_at", "updated_at") values ('pk_review_002', 'PK-2002', 'NF-7711', 'cl_nour_fashion', 'br_cairo_hq', 'exchange', 'shopify', 'pending_review', '{"name":{"ar":"محمود سيف","en":"Mahmoud Seif"},"phone_primary":"+201112223344"}'::jsonb, '{"governorate_id":"gov_c","city":"القاهرة","district":"مدينة نصر","street":"شارع مكرم عبيد","full_address_ar":"مكرم عبيد، مدينة نصر","full_address_en":"Makram Ebeid, Nasr City"}'::jsonb, '{"ar":"استبدال مقاس فستان","en":"Dress size exchange"}'::jsonb, 0.5, 1, false, true, 0, 4000, 'pending', '[{"status":"pending","timestamp":"2026-05-10T07:45:00Z","note":"Shopify webhook intake"}]'::jsonb, '2026-05-10T07:45:00Z', '2026-05-10T07:45:00Z') on conflict (id) do nothing;
insert into public.pickups ("id", "code", "reference_code", "client_id", "branch_id", "order_type", "submission_source", "review_status", "recipient", "delivery_address", "description", "weight_kg", "pieces_count", "is_fragile", "allow_open_package", "cod_amount", "shipping_fee", "status", "status_history", "created_at", "updated_at") values ('pk_review_003', 'PK-2003', 'TH-204', 'cl_tech_hub', 'br_cairo_hq', 'forward', 'csv_import', 'pending_review', '{"name":{"ar":"سامح وليم","en":"Sameh William"},"phone_primary":"+201234445566"}'::jsonb, '{"governorate_id":"gov_gz","city":"الجيزة","district":"6 أكتوبر","street":"الحي 12","full_address_ar":"الحي 12، 6 أكتوبر، الجيزة","full_address_en":"12th District, 6 October, Giza"}'::jsonb, '{"ar":"سماعة بلوتوث","en":"Bluetooth headset"}'::jsonb, 0.3, 1, true, false, 195000, 7500, 'pending', '[{"status":"pending","timestamp":"2026-05-10T09:20:00Z","note":"CSV bulk import"}]'::jsonb, '2026-05-10T09:20:00Z', '2026-05-10T09:20:00Z') on conflict (id) do nothing;

-- driver_shifts (10)
insert into public.driver_shifts ("id", "driver_id", "branch_id", "shift_date", "orders_assigned", "orders_delivered", "orders_returned", "orders_cancelled", "orders_refused", "expected_cash", "actual_cash", "variance", "status", "reconciled_at", "reconciled_by", "approved_at", "approved_by", "paid_out_at", "paid_out_by", "created_at", "updated_at") values ('ds_20260421_d01', 'u_drv_ahmed', 'br_cairo_hq', '2026-04-21', 12, 10, 1, 0, 1, 1450000, 1450000, 0, 'paid_out', '2026-04-21T19:00:00Z', 'u_nour_finance', '2026-04-22T09:00:00Z', 'u_nagui', '2026-04-22T11:00:00Z', 'u_nour_finance', '2026-04-21T19:00:00Z', '2026-04-22T11:00:00Z') on conflict (id) do nothing;
insert into public.driver_shifts ("id", "driver_id", "branch_id", "shift_date", "orders_assigned", "orders_delivered", "orders_returned", "orders_cancelled", "orders_refused", "expected_cash", "actual_cash", "variance", "status", "reconciled_at", "reconciled_by", "variance_reason", "created_at", "updated_at") values ('ds_20260422_d01', 'u_drv_ahmed', 'br_cairo_hq', '2026-04-22', 14, 12, 1, 0, 1, 1820000, 1815000, -5000, 'reconciled', '2026-04-22T20:00:00Z', 'u_nour_finance', 'فرق 50 جنيه — مندوب يقول فكة ناقصة', '2026-04-22T20:00:00Z', '2026-04-22T20:00:00Z') on conflict (id) do nothing;
insert into public.driver_shifts ("id", "driver_id", "branch_id", "shift_date", "orders_assigned", "orders_delivered", "orders_returned", "orders_cancelled", "orders_refused", "expected_cash", "actual_cash", "variance", "status", "reconciled_at", "reconciled_by", "approved_at", "approved_by", "created_at", "updated_at") values ('ds_20260422_d02', 'u_drv_mostafa', 'br_tagamoa', '2026-04-22', 9, 8, 0, 1, 0, 2245000, 2245000, 0, 'approved', '2026-04-22T19:30:00Z', 'u_nour_finance', '2026-04-23T08:00:00Z', 'u_mohamed_tag', '2026-04-22T19:30:00Z', '2026-04-23T08:00:00Z') on conflict (id) do nothing;
insert into public.driver_shifts ("id", "driver_id", "branch_id", "shift_date", "orders_assigned", "orders_delivered", "orders_returned", "orders_cancelled", "orders_refused", "expected_cash", "actual_cash", "variance", "status", "created_at", "updated_at") values ('ds_20260422_d03', 'u_drv_omar', 'br_october', '2026-04-22', 7, 7, 0, 0, 0, 485000, 485000, 0, 'pending', '2026-04-22T21:00:00Z', '2026-04-22T21:00:00Z') on conflict (id) do nothing;
insert into public.driver_shifts ("id", "driver_id", "branch_id", "shift_date", "orders_assigned", "orders_delivered", "orders_returned", "orders_cancelled", "orders_refused", "expected_cash", "actual_cash", "variance", "status", "reconciled_at", "reconciled_by", "dispute_reason", "created_at", "updated_at") values ('ds_20260422_d04', 'u_drv_hassan', 'br_alex', '2026-04-22', 6, 5, 1, 0, 0, 845000, 830000, -15000, 'disputed', '2026-04-22T20:30:00Z', 'u_layla_alx', 'فرق 150 جنيه — مندوب يقول إنه دفع فلوس تاكسي للعميل، محتاج اعتماد', '2026-04-22T20:30:00Z', '2026-04-22T20:30:00Z') on conflict (id) do nothing;
insert into public.driver_shifts ("id", "driver_id", "branch_id", "shift_date", "orders_assigned", "orders_delivered", "orders_returned", "orders_cancelled", "orders_refused", "expected_cash", "actual_cash", "variance", "status", "reconciled_at", "reconciled_by", "approved_at", "approved_by", "paid_out_at", "paid_out_by", "created_at", "updated_at") values ('ds_20260422_d05', 'u_drv_sami', 'br_cairo_hq', '2026-04-22', 11, 10, 1, 0, 0, 642000, 642000, 0, 'paid_out', '2026-04-22T19:00:00Z', 'u_nour_finance', '2026-04-23T08:30:00Z', 'u_nagui', '2026-04-23T09:00:00Z', 'u_nour_finance', '2026-04-22T19:00:00Z', '2026-04-23T09:00:00Z') on conflict (id) do nothing;
insert into public.driver_shifts ("id", "driver_id", "branch_id", "shift_date", "orders_assigned", "orders_delivered", "orders_returned", "orders_cancelled", "orders_refused", "expected_cash", "actual_cash", "variance", "status", "reconciled_at", "reconciled_by", "approved_at", "approved_by", "paid_out_at", "paid_out_by", "created_at", "updated_at") values ('ds_20260421_d06', 'u_drv_amr', 'br_tagamoa', '2026-04-21', 8, 8, 0, 0, 0, 1235000, 1235000, 0, 'paid_out', '2026-04-21T19:00:00Z', 'u_nour_finance', '2026-04-22T09:30:00Z', 'u_mohamed_tag', '2026-04-22T10:30:00Z', 'u_nour_finance', '2026-04-21T19:00:00Z', '2026-04-22T10:30:00Z') on conflict (id) do nothing;
insert into public.driver_shifts ("id", "driver_id", "branch_id", "shift_date", "orders_assigned", "orders_delivered", "orders_returned", "orders_cancelled", "orders_refused", "expected_cash", "actual_cash", "variance", "status", "reconciled_at", "reconciled_by", "approved_at", "approved_by", "paid_out_at", "paid_out_by", "created_at", "updated_at") values ('ds_20260420_d01', 'u_drv_ahmed', 'br_cairo_hq', '2026-04-20', 10, 9, 0, 1, 0, 1125000, 1125000, 0, 'paid_out', '2026-04-20T19:00:00Z', 'u_nour_finance', '2026-04-21T09:00:00Z', 'u_nagui', '2026-04-21T11:00:00Z', 'u_nour_finance', '2026-04-20T19:00:00Z', '2026-04-21T11:00:00Z') on conflict (id) do nothing;
insert into public.driver_shifts ("id", "driver_id", "branch_id", "shift_date", "orders_assigned", "orders_delivered", "orders_returned", "orders_cancelled", "orders_refused", "expected_cash", "actual_cash", "variance", "status", "created_at", "updated_at") values ('ds_20260423_d01', 'u_drv_ahmed', 'br_cairo_hq', '2026-04-23', 8, 0, 0, 0, 0, 0, 0, 0, 'pending', '2026-04-23T07:00:00Z', '2026-04-23T07:00:00Z') on conflict (id) do nothing;
insert into public.driver_shifts ("id", "driver_id", "branch_id", "shift_date", "orders_assigned", "orders_delivered", "orders_returned", "orders_cancelled", "orders_refused", "expected_cash", "actual_cash", "variance", "status", "created_at", "updated_at") values ('ds_20260423_d03', 'u_drv_omar', 'br_october', '2026-04-23', 5, 0, 0, 0, 0, 0, 0, 0, 'pending', '2026-04-23T07:00:00Z', '2026-04-23T07:00:00Z') on conflict (id) do nothing;

-- cod_dues (8)
insert into public.cod_dues ("id", "code", "client_id", "accrual_period_start", "accrual_period_end", "pickup_ids", "orders_count", "gross_cod_collected", "shipping_fees_deducted", "other_deductions", "net_amount_due", "status", "created_at", "updated_at") values ('cod_201', 'COD-201', 'cl_ahmed_store', '2026-04-15', '2026-04-21', array['pk_0991','pk_0997']::text[], 2, 275000, 12500, 0, 262500, 'pending', '2026-04-22T08:00:00Z', '2026-04-22T08:00:00Z') on conflict (id) do nothing;
insert into public.cod_dues ("id", "code", "client_id", "accrual_period_start", "accrual_period_end", "pickup_ids", "orders_count", "gross_cod_collected", "shipping_fees_deducted", "other_deductions", "net_amount_due", "status", "scheduled_payout_date", "payment_method", "created_at", "updated_at") values ('cod_202', 'COD-202', 'cl_nour_fashion', '2026-04-15', '2026-04-21', array['pk_0992','pk_0982']::text[], 2, 635000, 12500, 0, 622500, 'scheduled', '2026-04-25', 'instapay', '2026-04-22T08:00:00Z', '2026-04-22T14:00:00Z') on conflict (id) do nothing;
insert into public.cod_dues ("id", "code", "client_id", "accrual_period_start", "accrual_period_end", "pickup_ids", "orders_count", "gross_cod_collected", "shipping_fees_deducted", "other_deductions", "net_amount_due", "status", "created_at", "updated_at") values ('cod_203', 'COD-203', 'cl_tech_hub', '2026-04-10', '2026-04-20', array['pk_0993','pk_0981']::text[], 2, 2140000, 18000, 0, 2122000, 'pending', '2026-04-22T08:00:00Z', '2026-04-22T08:00:00Z') on conflict (id) do nothing;
insert into public.cod_dues ("id", "code", "client_id", "accrual_period_start", "accrual_period_end", "pickup_ids", "orders_count", "gross_cod_collected", "shipping_fees_deducted", "other_deductions", "net_amount_due", "status", "payment_method", "payment_reference", "paid_at", "paid_by", "whatsapp_sent_at", "whatsapp_template_used", "created_at", "updated_at") values ('cod_204', 'COD-204', 'cl_omar_pharma', '2026-04-18', '2026-04-22', array['pk_0994']::text[], 1, 72000, 4000, 0, 68000, 'paid', 'bank_transfer', 'NBE-TRF-2026-04-23-01', '2026-04-23T10:15:00Z', 'u_nour_finance', '2026-04-23T10:16:00Z', 'cod_payout_confirmation_ar', '2026-04-22T08:00:00Z', '2026-04-23T10:16:00Z') on conflict (id) do nothing;
insert into public.cod_dues ("id", "code", "client_id", "accrual_period_start", "accrual_period_end", "pickup_ids", "orders_count", "gross_cod_collected", "shipping_fees_deducted", "other_deductions", "net_amount_due", "status", "payment_method", "payment_reference", "paid_at", "paid_by", "whatsapp_sent_at", "whatsapp_template_used", "created_at", "updated_at") values ('cod_205', 'COD-205', 'cl_mariam_cosmetics', '2026-04-18', '2026-04-22', array['pk_0995']::text[], 1, 58500, 4500, 0, 54000, 'paid', 'vodafone_cash', 'VFC-7891234', '2026-04-22T16:00:00Z', 'u_nour_finance', '2026-04-22T16:01:00Z', 'cod_payout_confirmation_ar', '2026-04-22T15:00:00Z', '2026-04-22T16:01:00Z') on conflict (id) do nothing;
insert into public.cod_dues ("id", "code", "client_id", "accrual_period_start", "accrual_period_end", "pickup_ids", "orders_count", "gross_cod_collected", "shipping_fees_deducted", "other_deductions", "net_amount_due", "status", "scheduled_payout_date", "payment_method", "created_at", "updated_at") values ('cod_206', 'COD-206', 'cl_sara_electronics', '2026-04-15', '2026-04-22', array['pk_0996']::text[], 1, 285000, 7500, 0, 277500, 'scheduled', '2026-04-26', 'instapay', '2026-04-22T08:00:00Z', '2026-04-22T08:00:00Z') on conflict (id) do nothing;
insert into public.cod_dues ("id", "code", "client_id", "accrual_period_start", "accrual_period_end", "pickup_ids", "orders_count", "gross_cod_collected", "shipping_fees_deducted", "other_deductions", "deductions_notes", "net_amount_due", "status", "payment_method", "payment_reference", "paid_at", "paid_by", "created_at", "updated_at") values ('cod_207', 'COD-207', 'cl_karim_home', '2026-04-15', '2026-04-20', array['pk_0998']::text[], 1, 680000, 15000, 95200, 'ضريبة قيمة مضافة 14٪ على رسوم الشحن', 569800, 'paid', 'bank_transfer', 'NBE-TRF-2026-04-20-04', '2026-04-20T15:00:00Z', 'u_nour_finance', '2026-04-20T10:00:00Z', '2026-04-20T15:00:00Z') on conflict (id) do nothing;
insert into public.cod_dues ("id", "code", "client_id", "accrual_period_start", "accrual_period_end", "pickup_ids", "orders_count", "gross_cod_collected", "shipping_fees_deducted", "other_deductions", "net_amount_due", "status", "deductions_notes", "created_at", "updated_at") values ('cod_208', 'COD-208', 'cl_layla_boutique', '2026-04-10', '2026-04-18', array['pk_0961']::text[], 1, 0, 7000, 0, -7000, 'disputed', 'رفض العميل — نزاع على رسوم الشحن مقابل مرتجع', '2026-04-18T10:00:00Z', '2026-04-18T10:00:00Z') on conflict (id) do nothing;

-- cash_requests (5)
insert into public.cash_requests ("id", "code", "client_id", "requested_amount", "requested_method", "bank_account", "comment", "status", "created_at", "updated_at") values ('cr_0001', 'CR-1001', 'cl_ahmed_store', 482500, 'bank_transfer', 'EG21 0007 7000 0000 0123 4567 8901', 'Weekly payout — please expedite, payroll due Thursday.', 'pending', '2026-05-08T07:30:00Z', '2026-05-08T07:30:00Z') on conflict (id) do nothing;
insert into public.cash_requests ("id", "code", "client_id", "requested_amount", "requested_method", "comment", "status", "created_at", "updated_at") values ('cr_0002', 'CR-1002', 'cl_nour_fashion', 213500, 'instapay', 'Bi-weekly settlement', 'pending', '2026-05-09T10:14:00Z', '2026-05-09T10:14:00Z') on conflict (id) do nothing;
insert into public.cash_requests ("id", "code", "client_id", "requested_amount", "requested_method", "bank_account", "status", "approved_at", "approved_by", "created_at", "updated_at") values ('cr_0003', 'CR-1003', 'cl_tech_hub', 956000, 'bank_transfer', 'EG33 0010 0220 0000 0987 6543 2100', 'approved', '2026-05-07T13:00:00Z', 'u_finance_lead', '2026-05-06T09:00:00Z', '2026-05-07T13:00:00Z') on conflict (id) do nothing;
insert into public.cash_requests ("id", "code", "client_id", "requested_amount", "requested_method", "comment", "status", "approved_at", "approved_by", "paid_at", "paid_by", "payment_reference", "created_at", "updated_at") values ('cr_0004', 'CR-1004', 'cl_ahmed_store', 125000, 'vodafone_cash', 'Top-up urgent', 'paid', '2026-05-04T11:00:00Z', 'u_finance_lead', '2026-05-05T09:30:00Z', 'u_finance_lead', 'VC-25309471', '2026-05-03T14:00:00Z', '2026-05-05T09:30:00Z') on conflict (id) do nothing;
insert into public.cash_requests ("id", "code", "client_id", "requested_amount", "requested_method", "comment", "status", "rejection_reason", "created_at", "updated_at") values ('cr_0005', 'CR-1005', 'cl_nour_fashion', 5000000, 'bank_transfer', 'Big payout', 'rejected', 'Amount exceeds available balance — current owed is 213,500 EGP.', '2026-05-02T08:30:00Z', '2026-05-02T15:00:00Z') on conflict (id) do nothing;

-- stock_items (20)
insert into public.stock_items ("id", "sku", "name", "category", "branch_id", "quantity", "unit", "status", "last_movement_at", "created_at", "updated_at") values ('st_a1001', 'TWJ-A1001', '{"ar":"صندوق شحن كبير","en":"Shipping box — Large"}'::jsonb, 'packaging', 'br_cairo_hq', 245, 'piece', 'available', '2026-04-22T08:00:00Z', '2025-11-05T08:00:00Z', '2026-04-22T08:00:00Z') on conflict (id) do nothing;
insert into public.stock_items ("id", "sku", "name", "category", "branch_id", "quantity", "unit", "status", "last_movement_at", "created_at", "updated_at") values ('st_a1002', 'TWJ-A1002', '{"ar":"صندوق شحن متوسط","en":"Shipping box — Medium"}'::jsonb, 'packaging', 'br_cairo_hq', 380, 'piece', 'available', '2026-04-21T15:00:00Z', '2025-11-05T08:00:00Z', '2026-04-21T15:00:00Z') on conflict (id) do nothing;
insert into public.stock_items ("id", "sku", "name", "category", "branch_id", "quantity", "unit", "status", "last_movement_at", "created_at", "updated_at") values ('st_a1003', 'TWJ-A1003', '{"ar":"صندوق شحن صغير","en":"Shipping box — Small"}'::jsonb, 'packaging', 'br_cairo_hq', 3, 'piece', 'available', '2026-04-22T16:00:00Z', '2025-11-05T08:00:00Z', '2026-04-22T16:00:00Z') on conflict (id) do nothing;
insert into public.stock_items ("id", "sku", "name", "category", "branch_id", "quantity", "unit", "status", "last_movement_at", "created_at", "updated_at") values ('st_b2001', 'TWJ-B2001', '{"ar":"شريط لاصق بني","en":"Packing tape — Brown"}'::jsonb, 'packaging', 'br_tagamoa', 58, 'piece', 'available', '2026-04-20T11:00:00Z', '2025-11-15T08:00:00Z', '2026-04-20T11:00:00Z') on conflict (id) do nothing;
insert into public.stock_items ("id", "sku", "name", "category", "branch_id", "quantity", "unit", "status", "last_movement_at", "created_at", "updated_at") values ('st_b2002', 'TWJ-B2002', '{"ar":"فقاقيع هوائية — لفة","en":"Bubble wrap — Roll"}'::jsonb, 'packaging', 'br_tagamoa', 12, 'box', 'available', '2026-04-19T10:30:00Z', '2025-11-15T08:00:00Z', '2026-04-19T10:30:00Z') on conflict (id) do nothing;
insert into public.stock_items ("id", "sku", "name", "category", "branch_id", "quantity", "unit", "status", "last_movement_at", "created_at", "updated_at") values ('st_c3001', 'TWJ-C3001', '{"ar":"ملصق باركود A4","en":"Barcode sticker — A4"}'::jsonb, 'labels', 'br_october', 2400, 'piece', 'available', '2026-04-18T14:00:00Z', '2026-01-05T08:00:00Z', '2026-04-18T14:00:00Z') on conflict (id) do nothing;
insert into public.stock_items ("id", "sku", "name", "category", "branch_id", "quantity", "unit", "status", "last_movement_at", "created_at", "updated_at") values ('st_c3002', 'TWJ-C3002', '{"ar":"ملصقات هش","en":"Fragile stickers"}'::jsonb, 'labels', 'br_october', 850, 'piece', 'available', '2026-04-17T09:00:00Z', '2026-01-05T08:00:00Z', '2026-04-17T09:00:00Z') on conflict (id) do nothing;
insert into public.stock_items ("id", "sku", "name", "description", "category", "branch_id", "quantity", "unit", "status", "reserved_for_pickup_id", "reserved_at", "client_id", "last_movement_at", "created_at", "updated_at") values ('st_d4001', 'TWJ-D4001', '{"ar":"لاب توب — HP Pavilion (عميل)","en":"Laptop — HP Pavilion (client reserved)"}'::jsonb, '{"ar":"محجوز لعميل TechHub — PK-1043","en":"Reserved for TechHub — PK-1043"}'::jsonb, 'electronics', 'br_tagamoa', 1, 'piece', 'reserved', 'pk_1043', '2026-04-22T14:00:00Z', 'cl_tech_hub', '2026-04-22T14:00:00Z', '2026-04-20T10:00:00Z', '2026-04-22T14:00:00Z') on conflict (id) do nothing;
insert into public.stock_items ("id", "sku", "name", "description", "category", "branch_id", "quantity", "unit", "status", "locked_at", "locked_by", "locked_reason", "client_id", "last_movement_at", "created_at", "updated_at") values ('st_e5001', 'TWJ-E5001', '{"ar":"شحنة مرتجعة — بوتيك ليلى","en":"Returned shipment — Layla Boutique"}'::jsonb, '{"ar":"فستان مناسبات — مرتجع بسبب اختلاف اللون","en":"Evening gown — returned for color mismatch"}'::jsonb, 'returned', 'br_cairo_hq', 1, 'piece', 'locked', '2026-04-15T17:30:00Z', 'u_youssef_wh', '{"ar":"في انتظار اعتماد المدير — سياسة الاسترجاع","en":"Awaiting manager approval — return policy"}'::jsonb, 'cl_layla_boutique', '2026-04-15T17:30:00Z', '2026-04-15T17:30:00Z', '2026-04-15T17:30:00Z') on conflict (id) do nothing;
insert into public.stock_items ("id", "sku", "name", "description", "category", "branch_id", "quantity", "unit", "status", "locked_at", "locked_by", "locked_reason", "client_id", "last_movement_at", "created_at", "updated_at") values ('st_e5002', 'TWJ-E5002', '{"ar":"شحنة مرتجعة — منى باجز","en":"Returned shipment — Mona Bags"}'::jsonb, '{"ar":"حقيبة يد — مرتجع بعد 3 محاولات فاشلة","en":"Handbag — returned after 3 failed attempts"}'::jsonb, 'returned', 'br_alex', 1, 'piece', 'locked', '2026-04-16T18:30:00Z', 'u_layla_alx', '{"ar":"مرتجع مشكوك فيه — تلف في التغليف","en":"Disputed return — packaging damage"}'::jsonb, 'cl_mona_bags', '2026-04-16T18:30:00Z', '2026-04-16T18:30:00Z', '2026-04-16T18:30:00Z') on conflict (id) do nothing;
insert into public.stock_items ("id", "sku", "name", "description", "category", "branch_id", "quantity", "unit", "status", "locked_at", "locked_by", "locked_reason", "client_id", "last_movement_at", "created_at", "updated_at") values ('st_e5003', 'TWJ-E5003', '{"ar":"شحنة متضررة — تك هاب","en":"Damaged shipment — Tech Hub"}'::jsonb, '{"ar":"لاب توب معطل في الشحن — نزاع تأمين","en":"Laptop broken in transit — insurance dispute"}'::jsonb, 'damaged', 'br_tagamoa', 1, 'piece', 'locked', '2026-04-14T10:00:00Z', 'u_mohamed_tag', '{"ar":"نزاع تأمين — في انتظار تقرير المندوب","en":"Insurance dispute — awaiting driver report"}'::jsonb, 'cl_tech_hub', '2026-04-14T10:00:00Z', '2026-04-14T10:00:00Z', '2026-04-14T10:00:00Z') on conflict (id) do nothing;
insert into public.stock_items ("id", "sku", "name", "category", "branch_id", "quantity", "unit", "status", "last_movement_at", "created_at", "updated_at") values ('st_f6001', 'TWJ-F6001', '{"ar":"صناديق نقل فرعي","en":"Inter-branch boxes"}'::jsonb, 'packaging', 'br_cairo_hq', 50, 'piece', 'in_transit', '2026-04-23T07:00:00Z', '2026-04-23T07:00:00Z', '2026-04-23T07:00:00Z') on conflict (id) do nothing;
insert into public.stock_items ("id", "sku", "name", "category", "branch_id", "quantity", "unit", "status", "last_movement_at", "created_at", "updated_at") values ('st_f6002', 'TWJ-F6002', '{"ar":"أجهزة POS للمندوبين","en":"Driver POS devices"}'::jsonb, 'equipment', 'br_cairo_hq', 6, 'piece', 'in_transit', '2026-04-23T07:30:00Z', '2026-04-23T07:30:00Z', '2026-04-23T07:30:00Z') on conflict (id) do nothing;
insert into public.stock_items ("id", "sku", "name", "category", "branch_id", "quantity", "unit", "status", "client_id", "last_movement_at", "created_at", "updated_at") values ('st_g7001', 'TWJ-G7001', '{"ar":"ملابس أطفال × 6","en":"Kids clothing × 6"}'::jsonb, 'client_stock', 'br_alex', 6, 'piece', 'available', 'cl_sara_electronics', '2026-04-22T12:00:00Z', '2026-04-20T14:00:00Z', '2026-04-22T12:00:00Z') on conflict (id) do nothing;
insert into public.stock_items ("id", "sku", "name", "category", "branch_id", "quantity", "unit", "status", "client_id", "last_movement_at", "created_at", "updated_at") values ('st_g7002', 'TWJ-G7002', '{"ar":"أحذية رياضية × 12","en":"Sport shoes × 12"}'::jsonb, 'client_stock', 'br_cairo_hq', 12, 'piece', 'available', 'cl_ahmed_store', '2026-04-22T09:00:00Z', '2026-04-20T11:00:00Z', '2026-04-22T09:00:00Z') on conflict (id) do nothing;
insert into public.stock_items ("id", "sku", "name", "category", "branch_id", "quantity", "unit", "status", "client_id", "last_movement_at", "created_at", "updated_at") values ('st_g7003', 'TWJ-G7003', '{"ar":"فساتين × 8","en":"Dresses × 8"}'::jsonb, 'client_stock', 'br_cairo_hq', 8, 'piece', 'available', 'cl_nour_fashion', '2026-04-21T14:00:00Z', '2026-04-18T09:00:00Z', '2026-04-21T14:00:00Z') on conflict (id) do nothing;
insert into public.stock_items ("id", "sku", "name", "category", "branch_id", "quantity", "unit", "status", "last_movement_at", "created_at", "updated_at") values ('st_h8001', 'TWJ-H8001', '{"ar":"باركود ريدر","en":"Barcode scanner"}'::jsonb, 'equipment', 'br_cairo_hq', 8, 'piece', 'available', '2026-04-10T09:00:00Z', '2025-12-15T08:00:00Z', '2026-04-10T09:00:00Z') on conflict (id) do nothing;
insert into public.stock_items ("id", "sku", "name", "category", "branch_id", "quantity", "unit", "status", "last_movement_at", "created_at", "updated_at") values ('st_h8002', 'TWJ-H8002', '{"ar":"طابعة ليبلز حرارية","en":"Thermal label printer"}'::jsonb, 'equipment', 'br_october', 2, 'piece', 'available', '2026-03-20T10:00:00Z', '2026-01-20T08:00:00Z', '2026-03-20T10:00:00Z') on conflict (id) do nothing;
insert into public.stock_items ("id", "sku", "name", "category", "branch_id", "quantity", "unit", "status", "last_movement_at", "created_at", "updated_at") values ('st_i9001', 'TWJ-I9001', '{"ar":"أكياس ناقل — صغير","en":"Courier bags — Small"}'::jsonb, 'packaging', 'br_alex', 0, 'box', 'available', '2026-04-22T14:00:00Z', '2026-02-01T08:00:00Z', '2026-04-22T14:00:00Z') on conflict (id) do nothing;
insert into public.stock_items ("id", "sku", "name", "category", "branch_id", "quantity", "unit", "status", "last_movement_at", "created_at", "updated_at") values ('st_i9002', 'TWJ-I9002', '{"ar":"أكياس ناقل — كبير","en":"Courier bags — Large"}'::jsonb, 'packaging', 'br_alex', 180, 'piece', 'available', '2026-04-20T11:00:00Z', '2026-02-01T08:00:00Z', '2026-04-20T11:00:00Z') on conflict (id) do nothing;

-- stock_movements (12)
insert into public.stock_movements ("id", "stock_item_id", "type", "to_branch_id", "quantity", "user_id", "timestamp", "created_at", "updated_at") values ('sm_001', 'st_a1001', 'intake', 'br_cairo_hq', 300, 'u_youssef_wh', '2025-11-05T08:00:00Z', '2025-11-05T08:00:00Z', '2025-11-05T08:00:00Z') on conflict (id) do nothing;
insert into public.stock_movements ("id", "stock_item_id", "type", "from_branch_id", "quantity", "user_id", "timestamp", "created_at", "updated_at") values ('sm_002', 'st_a1001', 'outbound', 'br_cairo_hq', 55, 'u_youssef_wh', '2026-04-22T08:00:00Z', '2026-04-22T08:00:00Z', '2026-04-22T08:00:00Z') on conflict (id) do nothing;
insert into public.stock_movements ("id", "stock_item_id", "type", "to_branch_id", "quantity", "user_id", "timestamp", "created_at", "updated_at") values ('sm_003', 'st_a1002', 'intake', 'br_cairo_hq', 400, 'u_youssef_wh', '2025-11-05T08:00:00Z', '2025-11-05T08:00:00Z', '2025-11-05T08:00:00Z') on conflict (id) do nothing;
insert into public.stock_movements ("id", "stock_item_id", "type", "from_branch_id", "quantity", "user_id", "timestamp", "created_at", "updated_at") values ('sm_004', 'st_a1002', 'outbound', 'br_cairo_hq', 20, 'u_youssef_wh', '2026-04-21T15:00:00Z', '2026-04-21T15:00:00Z', '2026-04-21T15:00:00Z') on conflict (id) do nothing;
insert into public.stock_movements ("id", "stock_item_id", "type", "from_branch_id", "quantity", "user_id", "timestamp", "reason", "created_at", "updated_at") values ('sm_005', 'st_a1003', 'outbound', 'br_cairo_hq', 17, 'u_youssef_wh', '2026-04-22T16:00:00Z', '{"ar":"صرف يومي","en":"Daily usage"}'::jsonb, '2026-04-22T16:00:00Z', '2026-04-22T16:00:00Z') on conflict (id) do nothing;
insert into public.stock_movements ("id", "stock_item_id", "type", "to_branch_id", "quantity", "user_id", "timestamp", "reason", "created_at", "updated_at") values ('sm_006', 'st_e5001', 'lock', 'br_cairo_hq', 1, 'u_youssef_wh', '2026-04-15T17:30:00Z', '{"ar":"في انتظار اعتماد المدير — سياسة الاسترجاع","en":"Awaiting manager approval — return policy"}'::jsonb, '2026-04-15T17:30:00Z', '2026-04-15T17:30:00Z') on conflict (id) do nothing;
insert into public.stock_movements ("id", "stock_item_id", "type", "to_branch_id", "quantity", "user_id", "timestamp", "reason", "created_at", "updated_at") values ('sm_007', 'st_e5002', 'lock', 'br_alex', 1, 'u_layla_alx', '2026-04-16T18:30:00Z', '{"ar":"مرتجع مشكوك فيه — تلف في التغليف","en":"Disputed return — packaging damage"}'::jsonb, '2026-04-16T18:30:00Z', '2026-04-16T18:30:00Z') on conflict (id) do nothing;
insert into public.stock_movements ("id", "stock_item_id", "type", "to_branch_id", "quantity", "user_id", "timestamp", "reason", "created_at", "updated_at") values ('sm_008', 'st_e5003', 'lock', 'br_tagamoa', 1, 'u_mohamed_tag', '2026-04-14T10:00:00Z', '{"ar":"نزاع تأمين","en":"Insurance dispute"}'::jsonb, '2026-04-14T10:00:00Z', '2026-04-14T10:00:00Z') on conflict (id) do nothing;
insert into public.stock_movements ("id", "stock_item_id", "type", "to_branch_id", "quantity", "user_id", "timestamp", "related_pickup_id", "created_at", "updated_at") values ('sm_009', 'st_d4001', 'intake', 'br_tagamoa', 1, 'u_mohamed_tag', '2026-04-20T10:00:00Z', 'pk_1043', '2026-04-20T10:00:00Z', '2026-04-20T10:00:00Z') on conflict (id) do nothing;
insert into public.stock_movements ("id", "stock_item_id", "type", "from_branch_id", "to_branch_id", "quantity", "user_id", "timestamp", "reason", "created_at", "updated_at") values ('sm_010', 'st_f6001', 'transfer', 'br_cairo_hq', 'br_tagamoa', 50, 'u_youssef_wh', '2026-04-23T07:00:00Z', '{"ar":"نقل بين الفروع — جرد أسبوعي","en":"Inter-branch — weekly restock"}'::jsonb, '2026-04-23T07:00:00Z', '2026-04-23T07:00:00Z') on conflict (id) do nothing;
insert into public.stock_movements ("id", "stock_item_id", "type", "from_branch_id", "to_branch_id", "quantity", "user_id", "timestamp", "reason", "created_at", "updated_at") values ('sm_011', 'st_f6002', 'transfer', 'br_cairo_hq', 'br_alex', 6, 'u_nagui', '2026-04-23T07:30:00Z', '{"ar":"توريد أجهزة للفرع الجديد","en":"Equipment provisioning for new branch"}'::jsonb, '2026-04-23T07:30:00Z', '2026-04-23T07:30:00Z') on conflict (id) do nothing;
insert into public.stock_movements ("id", "stock_item_id", "type", "to_branch_id", "quantity", "user_id", "timestamp", "reason", "created_at", "updated_at") values ('sm_012', 'st_i9001', 'adjustment', 'br_alex', -20, 'u_layla_alx', '2026-04-22T14:00:00Z', '{"ar":"تصحيح جرد — عجز","en":"Inventory adjustment — shortage"}'::jsonb, '2026-04-22T14:00:00Z', '2026-04-22T14:00:00Z') on conflict (id) do nothing;

-- price_list_entries (30)
insert into public.price_list_entries ("id", "from_governorate_id", "to_governorate_id", "weight_tier", "base_price", "cod_handling_fee_percent", "is_active") values ('pr_01', 'gov_c', 'gov_c', '{"min_kg":0,"max_kg":1}'::jsonb, 4500, 1, true) on conflict (id) do nothing;
insert into public.price_list_entries ("id", "from_governorate_id", "to_governorate_id", "weight_tier", "base_price", "cod_handling_fee_percent", "is_active") values ('pr_02', 'gov_c', 'gov_c', '{"min_kg":1,"max_kg":3}'::jsonb, 5500, 1, true) on conflict (id) do nothing;
insert into public.price_list_entries ("id", "from_governorate_id", "to_governorate_id", "weight_tier", "base_price", "cod_handling_fee_percent", "is_active") values ('pr_03', 'gov_c', 'gov_c', '{"min_kg":3,"max_kg":10}'::jsonb, 8500, 1, true) on conflict (id) do nothing;
insert into public.price_list_entries ("id", "from_governorate_id", "to_governorate_id", "weight_tier", "base_price", "cod_handling_fee_percent", "is_active") values ('pr_04', 'gov_c', 'gov_gz', '{"min_kg":0,"max_kg":1}'::jsonb, 5000, 1, true) on conflict (id) do nothing;
insert into public.price_list_entries ("id", "from_governorate_id", "to_governorate_id", "weight_tier", "base_price", "cod_handling_fee_percent", "is_active") values ('pr_05', 'gov_c', 'gov_gz', '{"min_kg":1,"max_kg":3}'::jsonb, 6000, 1, true) on conflict (id) do nothing;
insert into public.price_list_entries ("id", "from_governorate_id", "to_governorate_id", "weight_tier", "base_price", "cod_handling_fee_percent", "is_active") values ('pr_06', 'gov_c', 'gov_gz', '{"min_kg":3,"max_kg":10}'::jsonb, 9000, 1, true) on conflict (id) do nothing;
insert into public.price_list_entries ("id", "from_governorate_id", "to_governorate_id", "weight_tier", "base_price", "cod_handling_fee_percent", "is_active") values ('pr_07', 'gov_c', 'gov_alx', '{"min_kg":0,"max_kg":1}'::jsonb, 7500, 1.5, true) on conflict (id) do nothing;
insert into public.price_list_entries ("id", "from_governorate_id", "to_governorate_id", "weight_tier", "base_price", "cod_handling_fee_percent", "is_active") values ('pr_08', 'gov_c', 'gov_alx', '{"min_kg":1,"max_kg":3}'::jsonb, 9500, 1.5, true) on conflict (id) do nothing;
insert into public.price_list_entries ("id", "from_governorate_id", "to_governorate_id", "weight_tier", "base_price", "cod_handling_fee_percent", "fragile_surcharge", "is_active") values ('pr_09', 'gov_c', 'gov_alx', '{"min_kg":3,"max_kg":10}'::jsonb, 14000, 1.5, 2500, true) on conflict (id) do nothing;
insert into public.price_list_entries ("id", "from_governorate_id", "to_governorate_id", "weight_tier", "base_price", "cod_handling_fee_percent", "is_active") values ('pr_10', 'gov_c', 'gov_qly', '{"min_kg":0,"max_kg":3}'::jsonb, 5500, 1, true) on conflict (id) do nothing;
insert into public.price_list_entries ("id", "from_governorate_id", "to_governorate_id", "weight_tier", "base_price", "cod_handling_fee_percent", "is_active") values ('pr_11', 'gov_c', 'gov_dk', '{"min_kg":0,"max_kg":3}'::jsonb, 8500, 1.5, true) on conflict (id) do nothing;
insert into public.price_list_entries ("id", "from_governorate_id", "to_governorate_id", "weight_tier", "base_price", "cod_handling_fee_percent", "is_active") values ('pr_12', 'gov_c', 'gov_shr', '{"min_kg":0,"max_kg":3}'::jsonb, 8500, 1.5, true) on conflict (id) do nothing;
insert into public.price_list_entries ("id", "from_governorate_id", "to_governorate_id", "weight_tier", "base_price", "cod_handling_fee_percent", "is_active") values ('pr_13', 'gov_c', 'gov_mnf', '{"min_kg":0,"max_kg":3}'::jsonb, 9000, 1.5, true) on conflict (id) do nothing;
insert into public.price_list_entries ("id", "from_governorate_id", "to_governorate_id", "weight_tier", "base_price", "cod_handling_fee_percent", "is_active") values ('pr_14', 'gov_c', 'gov_ghr', '{"min_kg":0,"max_kg":3}'::jsonb, 9500, 1.5, true) on conflict (id) do nothing;
insert into public.price_list_entries ("id", "from_governorate_id", "to_governorate_id", "weight_tier", "base_price", "cod_handling_fee_percent", "is_active") values ('pr_15', 'gov_c', 'gov_bh', '{"min_kg":0,"max_kg":3}'::jsonb, 11000, 1.5, true) on conflict (id) do nothing;
insert into public.price_list_entries ("id", "from_governorate_id", "to_governorate_id", "weight_tier", "base_price", "cod_handling_fee_percent", "is_active") values ('pr_16', 'gov_c', 'gov_dmt', '{"min_kg":0,"max_kg":3}'::jsonb, 11500, 1.5, true) on conflict (id) do nothing;
insert into public.price_list_entries ("id", "from_governorate_id", "to_governorate_id", "weight_tier", "base_price", "cod_handling_fee_percent", "is_active") values ('pr_17', 'gov_c', 'gov_psd', '{"min_kg":0,"max_kg":3}'::jsonb, 11500, 1.5, true) on conflict (id) do nothing;
insert into public.price_list_entries ("id", "from_governorate_id", "to_governorate_id", "weight_tier", "base_price", "cod_handling_fee_percent", "is_active") values ('pr_18', 'gov_c', 'gov_ism', '{"min_kg":0,"max_kg":3}'::jsonb, 10500, 1.5, true) on conflict (id) do nothing;
insert into public.price_list_entries ("id", "from_governorate_id", "to_governorate_id", "weight_tier", "base_price", "cod_handling_fee_percent", "is_active") values ('pr_19', 'gov_c', 'gov_sz', '{"min_kg":0,"max_kg":3}'::jsonb, 10500, 1.5, true) on conflict (id) do nothing;
insert into public.price_list_entries ("id", "from_governorate_id", "to_governorate_id", "weight_tier", "base_price", "cod_handling_fee_percent", "is_active") values ('pr_20', 'gov_c', 'gov_fym', '{"min_kg":0,"max_kg":3}'::jsonb, 10000, 1.5, true) on conflict (id) do nothing;
insert into public.price_list_entries ("id", "from_governorate_id", "to_governorate_id", "weight_tier", "base_price", "cod_handling_fee_percent", "is_active") values ('pr_21', 'gov_c', 'gov_bns', '{"min_kg":0,"max_kg":3}'::jsonb, 11500, 1.5, true) on conflict (id) do nothing;
insert into public.price_list_entries ("id", "from_governorate_id", "to_governorate_id", "weight_tier", "base_price", "cod_handling_fee_percent", "is_active") values ('pr_22', 'gov_c', 'gov_mny', '{"min_kg":0,"max_kg":3}'::jsonb, 13500, 2, true) on conflict (id) do nothing;
insert into public.price_list_entries ("id", "from_governorate_id", "to_governorate_id", "weight_tier", "base_price", "cod_handling_fee_percent", "is_active") values ('pr_23', 'gov_c', 'gov_asy', '{"min_kg":0,"max_kg":3}'::jsonb, 15000, 2, true) on conflict (id) do nothing;
insert into public.price_list_entries ("id", "from_governorate_id", "to_governorate_id", "weight_tier", "base_price", "cod_handling_fee_percent", "is_active") values ('pr_24', 'gov_c', 'gov_shg', '{"min_kg":0,"max_kg":3}'::jsonb, 16500, 2, true) on conflict (id) do nothing;
insert into public.price_list_entries ("id", "from_governorate_id", "to_governorate_id", "weight_tier", "base_price", "cod_handling_fee_percent", "is_active") values ('pr_25', 'gov_c', 'gov_qn', '{"min_kg":0,"max_kg":3}'::jsonb, 17500, 2, true) on conflict (id) do nothing;
insert into public.price_list_entries ("id", "from_governorate_id", "to_governorate_id", "weight_tier", "base_price", "cod_handling_fee_percent", "is_active") values ('pr_26', 'gov_c', 'gov_lxr', '{"min_kg":0,"max_kg":3}'::jsonb, 19500, 2, true) on conflict (id) do nothing;
insert into public.price_list_entries ("id", "from_governorate_id", "to_governorate_id", "weight_tier", "base_price", "cod_handling_fee_percent", "is_active") values ('pr_27', 'gov_c', 'gov_asw', '{"min_kg":0,"max_kg":3}'::jsonb, 21500, 2, true) on conflict (id) do nothing;
insert into public.price_list_entries ("id", "from_governorate_id", "to_governorate_id", "weight_tier", "base_price", "cod_handling_fee_percent", "is_active") values ('pr_28', 'gov_c', 'gov_mtr', '{"min_kg":0,"max_kg":3}'::jsonb, 17500, 2, true) on conflict (id) do nothing;
insert into public.price_list_entries ("id", "from_governorate_id", "to_governorate_id", "weight_tier", "base_price", "cod_handling_fee_percent", "is_active") values ('pr_29', 'gov_c', 'gov_rds', '{"min_kg":0,"max_kg":3}'::jsonb, 18500, 2, true) on conflict (id) do nothing;
insert into public.price_list_entries ("id", "from_governorate_id", "to_governorate_id", "weight_tier", "base_price", "cod_handling_fee_percent", "is_active") values ('pr_30', 'gov_c', 'gov_ssi', '{"min_kg":0,"max_kg":3}'::jsonb, 20000, 2, true) on conflict (id) do nothing;

-- return_manifests (5)
insert into public.return_manifests ("id", "code", "client_id", "branch_id", "pickup_ids", "status", "expected_delivery_date", "delivered_at", "total_pieces", "total_value", "notes", "created_at", "updated_at") values ('rt_20260417_001', 'RT-20260417-001', 'cl_nour_fashion', 'br_cairo_hq', array['pk_0982']::text[], 'delivered_to_merchant', '2026-04-19', '2026-04-19T14:00:00Z', 2, 207500, 'مرتجع جزئي — قطعتان من أصل 4', '2026-04-17T16:00:00Z', '2026-04-19T14:00:00Z') on conflict (id) do nothing;
insert into public.return_manifests ("id", "code", "client_id", "branch_id", "pickup_ids", "status", "expected_delivery_date", "total_pieces", "total_value", "notes", "created_at", "updated_at") values ('rt_20260416_001', 'RT-20260416-001', 'cl_mona_bags', 'br_alex', array['pk_0962']::text[], 'in_transit', '2026-04-24', 1, 165000, 'في انتظار التوصيل للعميل — 3 محاولات فاشلة مع المستلم', '2026-04-17T10:00:00Z', '2026-04-22T09:00:00Z') on conflict (id) do nothing;
insert into public.return_manifests ("id", "code", "client_id", "branch_id", "pickup_ids", "status", "total_pieces", "total_value", "notes", "created_at", "updated_at") values ('rt_20260415_001', 'RT-20260415-001', 'cl_layla_boutique', 'br_cairo_hq', array['pk_0961']::text[], 'draft', 1, 720000, 'نزاع مع العميل — سبب الإرجاع: اختلاف لون', '2026-04-16T09:00:00Z', '2026-04-16T09:00:00Z') on conflict (id) do nothing;
insert into public.return_manifests ("id", "code", "client_id", "branch_id", "pickup_ids", "status", "expected_delivery_date", "delivered_at", "acknowledged_at", "total_pieces", "total_value", "notes", "created_at", "updated_at") values ('rt_20260418_001', 'RT-20260418-001', 'cl_tech_hub', 'br_tagamoa', array['pk_0981']::text[], 'acknowledged', '2026-04-19', '2026-04-19T11:00:00Z', '2026-04-19T11:15:00Z', 1, 445000, 'قطعة واحدة مرتجعة — تم الاستلام بتوقيع', '2026-04-18T17:00:00Z', '2026-04-19T11:15:00Z') on conflict (id) do nothing;
insert into public.return_manifests ("id", "code", "client_id", "branch_id", "pickup_ids", "status", "total_pieces", "total_value", "notes", "created_at", "updated_at") values ('rt_20260419_001', 'RT-20260419-001', 'cl_tech_hub', 'br_tagamoa', array['pk_0964']::text[], 'draft', 1, 32000, 'رفض العميل الاستلام — في انتظار جدولة الاسترجاع', '2026-04-19T15:00:00Z', '2026-04-19T15:00:00Z') on conflict (id) do nothing;

select setval('public.pickup_seq', 1044, true);
